date,timestamp,countid,telpost,speciesname,speciesid,count,countback,local,age,sex,plumage,remark,location,migtype,counttype,year,yday
2014-08-18,,870600,1047,MonPalHen,1102,11,0,0,,,,,,,,2014,230
2014-08-18,,870600,1047,Mon,98,15,0,0,,,,,,,,2014,230
2014-08-18,,870600,1047,Roller,255,7,0,0,,,,,,,,2014,230
2014-08-18,,870600,1047,"raptor sp.",997,1,0,0,,,,,,,,2014,230
2014-08-18,,870600,1047,BootedE,592,3,0,0,,,,,,,,2014,230
2014-08-18,,870600,1047,StepBuz,102,2,0,0,,,,,,,,2014,230
2014-08-18,,870600,1047,HB,86,12,0,0,,,,,,,,2014,230
2014-08-18,,870600,1047,BlaKite,88,3,0,0,,,,,,,,2014,230
2014-08-18,,870600,1047,ShortTE,94,1,0,0,,,,,,,,2014,230
2014-08-18,,870600,1047,Mar,95,10,0,0,,,,,,,,2014,230
2014-08-17,,870806,1048,Mon,98,1,0,0,,,,,,,,2014,229
2014-08-17,,870806,1048,MonPalHen,1102,2,0,0,,,,,,,,2014,229
2014-08-17,,870806,1048,HB,86,139,0,0,,,,,,,,2014,229
2014-08-17,,870806,1048,WhiStork,32,48,0,0,,,,,,,,2014,229
2014-08-17,,870806,1048,StepBuz,102,8,0,0,,,,,,,,2014,229
2014-08-17,,870806,1048,BlaKite,88,11,0,0,,,,,,,,2014,229
2014-08-17,,870806,1048,ShortTE,94,1,0,0,,,,,,,,2014,229
2014-08-17,,870806,1048,Mar,95,12,0,0,,,,,,,,2014,229
2014-08-20,,870859,1047,HB,86,277,0,0,,,,,,,,2014,232
2014-08-20,,870859,1047,Mon,98,1,0,0,,,,,,,,2014,232
2014-08-20,,870859,1047,MonPalHen,1102,2,0,0,,,,,,,,2014,232
2014-08-20,,870859,1047,BootedE,592,1,0,0,,,,,,,,2014,232
2014-08-20,,870859,1047,Roller,255,44,0,0,,,,,,,,2014,232
2014-08-20,,870859,1047,BlaStork,31,1,0,0,,,,,,,,2014,232
2014-08-20,,870859,1047,WhiStork,32,3,0,0,,,,,,,,2014,232
2014-08-19,,870860,1048,Mar,95,4,0,0,,,,,,,,2014,231
2014-08-19,,870860,1048,BlaKite,88,30,0,0,,,,,,,,2014,231
2014-08-19,,870860,1048,HB,86,1084,0,0,,,,,,,,2014,231
2014-08-19,,870860,1048,BootedE,592,1,0,0,,,,,,,,2014,231
2014-08-19,,870860,1048,StepBuz,102,1,0,0,,,,,,,,2014,231
2014-08-19,,870860,1048,MonPalHen,1102,5,0,0,,,,,,,,2014,231
2014-08-19,,870860,1048,Mon,98,20,0,0,,,,,,,,2014,231
2014-08-21,,872091,1047,Mar,95,1,0,0,,,,,,,,2014,233
2014-08-21,,872091,1047,Roller,255,13,0,0,,,,,,,,2014,233
2014-08-21,,872091,1047,Pal,97,1,0,0,,,,,,,,2014,233
2014-08-21,,872091,1047,BootedE,592,5,0,0,,,,,,,,2014,233
2014-08-21,,872091,1047,BlaKite,88,1,0,0,,,,,,,,2014,233
2014-08-21,,872091,1047,HB,86,516,0,0,,,,,,,,2014,233
2014-08-21,,872111,1048,BlaKite,88,2,0,0,,,,,,,,2014,233
2014-08-21,,872111,1048,HB,86,137,0,0,,,,,,,,2014,233
2014-08-21,,872111,1048,"raptor sp.",997,1,0,0,,,,,,,,2014,233
2014-08-21,,872111,1048,BootedE,592,4,0,0,,,,,,,,2014,233
2014-08-21,,872111,1048,StepBuz,102,1,0,0,,,,,,,,2014,233
2014-08-21,,872111,1048,Mon,98,4,0,0,,,,,,,,2014,233
2014-08-21,,872111,1048,Pal,97,1,0,0,,,,,,,,2014,233
2014-08-21,,872111,1048,Mar,95,7,0,0,,,,,,,,2014,233
2014-08-24,,872120,1048,BlaKite,88,34,0,0,,,,,,,,2014,236
2014-08-24,,872120,1048,ShortTE,94,3,0,0,,,,,,,,2014,236
2014-08-24,,872120,1048,Mar,95,21,0,0,,,,,,,,2014,236
2014-08-24,,872120,1048,Pal,97,2,0,0,,,,,,,,2014,236
2014-08-24,,872120,1048,Mon,98,30,0,0,,,,,,,,2014,236
2014-08-24,,872120,1048,MonPalHen,1102,93,0,0,,,,,,,,2014,236
2014-08-24,,872120,1048,BootedE,592,9,0,0,,,,,,,,2014,236
2014-08-24,,872120,1048,Peregrine,115,1,0,0,,,,,,,,2014,236
2014-08-24,,872120,1048,"raptor sp.",997,1,0,0,,,,,,,,2014,236
2014-08-24,,872120,1048,BlaStork,31,3,0,0,,,,,,,,2014,236
2014-08-24,,872120,1048,WhiStork,32,341,0,0,,,,,,,,2014,236
2014-08-24,,872120,1048,HB,86,30,0,0,,,,,,,,2014,236
2014-08-19,,872124,1047,Mar,95,2,0,0,,,,,,,,2014,231
2014-08-19,,872124,1047,HB,86,371,0,0,,,,,,,,2014,231
2014-08-19,,872124,1047,Roller,255,11,0,0,,,,,,,,2014,231
2014-08-19,,872124,1047,MonPalHen,1102,4,0,0,,,,,,,,2014,231
2014-08-19,,872124,1047,Mon,98,19,0,0,,,,,,,,2014,231
2014-08-26,,872624,1047,Mon,98,58,0,0,,,,,,,,2014,238
2014-08-26,,872624,1047,MonPalHen,1102,134,0,0,,,,,,,,2014,238
2014-08-26,,872624,1047,BootedE,592,21,0,0,,,,,,,,2014,238
2014-08-26,,872624,1047,Roller,255,54,0,0,,,,,,,,2014,238
2014-08-26,,872624,1047,BlaStork,31,5,0,0,,,,,,,,2014,238
2014-08-26,,872624,1047,HB,86,16821,0,0,,,,,,,,2014,238
2014-08-26,,872624,1047,WhiStork,32,1,0,0,,,,,,,,2014,238
2014-08-26,,872624,1047,BlaKite,88,129,0,0,,,,,,,,2014,238
2014-08-26,,872624,1047,ShortTE,94,0,1,0,,,,,,,,2014,238
2014-08-26,,872624,1047,Mar,95,26,0,0,,,,,,,,2014,238
2014-08-26,,872624,1047,Pal,97,1,0,0,,,,,,,,2014,238
2014-08-29,,873958,1047,Osprey,109,2,0,0,,,,,,,,2014,241
2014-08-29,,873958,1047,MonPalHen,1102,154,0,0,,,,,,,,2014,241
2014-08-29,,873958,1047,Mon,98,70,0,0,,,,,,,,2014,241
2014-08-29,,873958,1047,Pal,97,5,0,0,,,,,,,,2014,241
2014-08-29,,873958,1047,Mar,95,44,0,0,,,,,,,,2014,241
2014-08-29,,873958,1047,BlaKite,88,113,0,0,,,,,,,,2014,241
2014-08-29,,873958,1047,HB,86,13502,0,0,,,,,,,,2014,241
2014-08-29,,873958,1047,Roller,255,147,0,0,,,,,,,,2014,241
2014-08-29,,873958,1047,BootedE,592,22,0,0,,,,,,,,2014,241
2014-08-29,,873958,1047,LevantS,1019,9,0,0,,,,,,,,2014,241
2014-08-29,,873968,1048,"harrier sp",584,1,0,0,,,,,,,,2014,241
2014-08-29,,873968,1048,MonPalHen,1102,195,0,0,,,,,,,,2014,241
2014-08-29,,873968,1048,Mon,98,85,0,0,,,,,,,,2014,241
2014-08-29,,873968,1048,Pal,97,1,0,0,,,,,,,,2014,241
2014-08-29,,873968,1048,Mar,95,37,0,0,,,,,,,,2014,241
2014-08-29,,873968,1048,BlaKite,88,148,0,0,,,,,,,,2014,241
2014-08-29,,873968,1048,HB,86,2226,0,0,,,,,,,,2014,241
2014-08-29,,873968,1048,WhiStork,32,4,0,0,,,,,,,,2014,241
2014-08-29,,873968,1048,BlaStork,31,1,0,0,,,,,,,,2014,241
2014-08-29,,873968,1048,Roller,255,10,0,0,,,,,,,,2014,241
2014-08-29,,873968,1048,LevantS,1019,21,0,0,,,,,,,,2014,241
2014-08-30,,874258,1047,Roller,255,105,0,0,,,,,,,,2014,242
2014-08-30,,874258,1047,MonPalHen,1102,11,0,0,,,,,,,,2014,242
2014-08-30,,874258,1047,Mon,98,8,0,0,,,,,,,,2014,242
2014-08-30,,874258,1047,BlaKite,88,55,0,0,,,,,,,,2014,242
2014-08-30,,874258,1047,Mar,95,4,0,0,,,,,,,,2014,242
2014-08-30,,874258,1047,HB,86,3520,0,0,,,,,,,,2014,242
2014-08-30,,874260,1048,StepBuz,102,4,0,0,,,,,,,,2014,242
2014-08-30,,874260,1048,BootedE,592,1,0,0,,,,,,,,2014,242
2014-08-30,,874260,1048,Roller,255,16,0,0,,,,,,,,2014,242
2014-08-30,,874260,1048,BlaKite,88,97,0,0,,,,,,,,2014,242
2014-08-30,,874260,1048,HB,86,1905,0,0,,,,,,,,2014,242
2014-08-30,,874260,1048,EgyptianV,578,1,0,0,,,,,,,,2014,242
2014-08-30,,874260,1048,Mar,95,5,0,0,,,,,,,,2014,242
2014-08-30,,874260,1048,Pal,97,1,0,0,,,,,,,,2014,242
2014-08-30,,874260,1048,Mon,98,13,0,0,,,,,,,,2014,242
2014-08-30,,874260,1048,MonPalHen,1102,2,0,0,,,,,,,,2014,242
2014-08-31,,875374,1048,BlaStork,31,1,0,0,,,,,,,,2014,243
2014-08-31,,875374,1048,Mon,98,81,0,0,,,,,,,,2014,243
2014-08-31,,875374,1048,MonPalHen,1102,140,0,0,,,,,,,,2014,243
2014-08-31,,875374,1048,LevantS,1019,27,0,0,,,,,,,,2014,243
2014-08-31,,875374,1048,StepBuz,102,1,0,0,,,,,,,,2014,243
2014-08-31,,875374,1048,BootedE,592,5,0,0,,,,,,,,2014,243
2014-08-31,,875374,1048,Pal,97,4,0,0,,,,,,,,2014,243
2014-08-31,,875374,1048,Mar,95,58,0,0,,,,,,,,2014,243
2014-08-31,,875374,1048,ShortTE,94,2,0,0,,,,,,,,2014,243
2014-08-31,,875374,1048,BlaKite,88,139,0,0,,,,,,,,2014,243
2014-08-31,,875374,1048,HB,86,1287,0,0,,,,,,,,2014,243
2014-08-31,,875374,1048,WhiStork,32,188,0,0,,,,,,,,2014,243
2014-09-02,,875484,1048,BlaKite,88,256,0,0,,,,,,,,2014,245
2014-09-02,,875484,1048,HB,86,944,0,0,,,,,,,,2014,245
2014-09-02,,875484,1048,WhiStork,32,4,0,0,,,,,,,,2014,245
2014-09-02,,875484,1048,"raptor sp.",997,19,0,0,,,,,,,,2014,245
2014-09-02,,875484,1048,BootedE,592,8,0,0,,,,,,,,2014,245
2014-09-02,,875484,1048,StepBuz,102,2,0,0,,,,,,,,2014,245
2014-09-02,,875484,1048,LevantS,1019,22,0,0,,,,,,,,2014,245
2014-09-02,,875484,1048,MonPalHen,1102,63,0,0,,,,,,,,2014,245
2014-09-02,,875484,1048,Mon,98,7,0,0,,,,,,,,2014,245
2014-09-02,,875484,1048,Pal,97,1,0,0,,,,,,,,2014,245
2014-09-02,,875484,1048,Mar,95,20,0,0,,,,,,,,2014,245
2014-09-02,,875484,1048,ShortTE,94,1,0,0,,,,,,,,2014,245
2014-09-05,,876564,1048,Mar,95,50,0,0,,,,,,,,2014,248
2014-09-05,,876564,1048,ShortTE,94,2,0,0,,,,,,,,2014,248
2014-09-05,,876564,1048,BlaKite,88,305,0,0,,,,,,,,2014,248
2014-09-05,,876564,1048,HB,86,889,0,0,,,,,,,,2014,248
2014-09-05,,876564,1048,WhiStork,32,1,0,0,,,,,,,,2014,248
2014-09-05,,876564,1048,Pal,97,3,0,0,,,,,,,,2014,248
2014-09-05,,876564,1048,LevantS,1019,67,0,0,,,,,,,,2014,248
2014-09-05,,876564,1048,StepBuz,102,8,0,0,,,,,,,,2014,248
2014-09-05,,876564,1048,LesserSE,105,3,0,0,,,,,,,,2014,248
2014-09-05,,876564,1048,"Eagle sp.",591,2,0,0,,,,,,,,2014,248
2014-09-05,,876564,1048,BootedE,592,40,0,0,,,,,,,,2014,248
2014-09-05,,876564,1048,"raptor sp.",997,2630,0,0,,,,,,,,2014,248
2014-09-05,,876564,1048,MonPalHen,1102,78,0,0,,,,,,,,2014,248
2014-09-05,,876564,1048,BlaStork,31,1,0,0,,,,,,,,2014,248
2014-09-05,,876564,1048,Mon,98,10,0,0,,,,,,,,2014,248
2014-09-05,,876565,1047,LesserSE,105,1,0,0,,,,,,,,2014,248
2014-09-05,,876565,1047,Roller,255,1,0,0,,,,,,,,2014,248
2014-09-05,,876565,1047,BlaStork,31,3,0,0,,,,,,,,2014,248
2014-09-05,,876565,1047,HB,86,38712,0,0,,,,,,,,2014,248
2014-09-05,,876565,1047,BlaKite,88,93,0,0,,,,,,,,2014,248
2014-09-05,,876565,1047,EgyptianV,578,1,0,0,,,,,,,,2014,248
2014-09-05,,876565,1047,ShortTE,94,2,0,0,,,,,,,,2014,248
2014-09-05,,876565,1047,Osprey,109,2,0,0,,,,,,,,2014,248
2014-09-05,,876565,1047,BootedE,592,71,0,0,,,,,,,,2014,248
2014-09-05,,876565,1047,Mar,95,32,0,0,,,,,,,,2014,248
2014-09-05,,876565,1047,Pal,97,6,0,0,,,,,,,,2014,248
2014-09-05,,876565,1047,Mon,98,27,0,0,,,,,,,,2014,248
2014-09-05,,876565,1047,MonPalHen,1102,86,0,0,,,,,,,,2014,248
2014-09-05,,876565,1047,LevantS,1019,61,0,0,,,,,,,,2014,248
2014-08-23,,876840,1047,Osprey,109,3,0,0,,,,,,,,2014,235
2014-08-23,,876840,1047,"raptor sp.",997,3,0,0,,,,,,,,2014,235
2014-08-23,,876840,1047,Roller,255,4,0,0,,,,,,,,2014,235
2014-08-23,,876840,1047,Mar,95,45,0,0,,,,,,,,2014,235
2014-08-23,,876840,1047,Pal,97,1,0,0,,,,,,,,2014,235
2014-08-23,,876840,1047,Mon,98,191,0,0,,,,,,,,2014,235
2014-08-23,,876840,1047,MonPalHen,1102,122,0,0,,,,,,,,2014,235
2014-08-23,,876840,1047,BootedE,592,21,0,0,,,,,,,,2014,235
2014-08-23,,876840,1047,BlaStork,31,1,0,0,,,,,,,,2014,235
2014-08-23,,876840,1047,WhiStork,32,118,0,0,,,,,,,,2014,235
2014-08-23,,876840,1047,HB,86,14528,0,0,,,,,,,,2014,235
2014-08-23,,876840,1047,BlaKite,88,29,0,0,,,,,,,,2014,235
2014-09-10,,878114,1047,BootedE,592,90,0,0,,,,,,,,2014,253
2014-09-10,,878114,1047,"raptor sp.",997,11,0,0,,,,,,,,2014,253
2014-09-10,,878114,1047,Osprey,109,5,0,0,,,,,,,,2014,253
2014-09-10,,878114,1047,BlaKite,88,88,0,0,,,,,,,,2014,253
2014-09-10,,878114,1047,ShortTE,94,3,0,0,,,,,,,,2014,253
2014-09-10,,878114,1047,LevantS,1019,43,0,0,,,,,,,,2014,253
2014-09-10,,878114,1047,Mar,95,43,0,0,,,,,,,,2014,253
2014-09-10,,878114,1047,Pal,97,10,0,0,,,,,,,,2014,253
2014-09-10,,878114,1047,Mon,98,12,0,0,,,,,,,,2014,253
2014-09-10,,878114,1047,MonPalHen,1102,18,0,0,,,,,,,,2014,253
2014-09-10,,878114,1047,HB,86,333,0,0,,,,,,,,2014,253
2014-09-10,,878114,1047,BlaStork,31,1,0,0,,,,,,,,2014,253
2014-09-10,,878114,1047,StepBuz,102,25,0,0,,,,,,,,2014,253
2014-09-10,,878114,1047,LesserSE,105,2,0,0,,,,,,,,2014,253
2014-09-15,,880083,1047,StepBuz,102,107,0,0,,,,,,,,2014,258
2014-09-15,,880083,1047,BlaStork,31,2,0,0,,,,,,,,2014,258
2014-09-15,,880083,1047,HB,86,152,0,0,,,,,,,,2014,258
2014-09-15,,880083,1047,BlaKite,88,69,0,0,,,,,,,,2014,258
2014-09-15,,880083,1047,ShortTE,94,4,0,0,,,,,,,,2014,258
2014-09-15,,880083,1047,Mar,95,72,0,0,,,,,,,,2014,258
2014-09-15,,880083,1047,Pal,97,11,0,0,,,,,,,,2014,258
2014-09-15,,880083,1047,Mon,98,3,0,0,,,,,,,,2014,258
2014-09-15,,880083,1047,MonPalHen,1102,16,0,0,,,,,,,,2014,258
2014-09-15,,880083,1047,"Eagle sp.",591,4,0,0,,,,,,,,2014,258
2014-09-15,,880083,1047,BootedE,592,121,0,0,,,,,,,,2014,258
2014-09-15,,880083,1047,"raptor sp.",997,1,0,0,,,,,,,,2014,258
2014-09-15,,880083,1047,Roller,255,4,0,0,,,,,,,,2014,258
2014-09-15,,880083,1047,CrestedHB,1014,1,0,0,,,,,,,,2014,258
2014-09-20,,881376,1048,MonPalHen,1102,3,0,0,,,,,,,,2014,263
2014-09-20,,881376,1048,Pal,97,2,0,0,,,,,,,,2014,263
2014-09-20,,881376,1048,Mar,95,10,0,0,,,,,,,,2014,263
2014-09-20,,881376,1048,BlaKite,88,15,0,0,,,,,,,,2014,263
2014-09-20,,881376,1048,LesserSE,105,1,0,0,,,,,,,,2014,263
2014-09-20,,881376,1048,HB,86,1,0,0,,,,,,,,2014,263
2014-09-20,,881376,1048,"Eagle sp.",591,1,0,0,,,,,,,,2014,263
2014-09-20,,881376,1048,BootedE,592,1,0,0,,,,,,,,2014,263
2014-09-20,,881376,1048,Peregrine,115,1,0,0,,,,,,,,2014,263
2014-09-20,,881376,1048,StepBuz,102,653,0,0,,,,,,,,2014,263
2014-09-25,,883393,1048,HB,86,50,0,0,,,,,,,,2014,268
2014-09-25,,883393,1048,Pal,97,9,0,0,,,,,,,,2014,268
2014-09-25,,883393,1048,"raptor sp.",997,134,0,0,,,,,,,,2014,268
2014-09-25,,883393,1048,BootedE,592,19,0,0,,,,,,,,2014,268
2014-09-25,,883393,1048,LesserSE,105,4,0,0,,,,,,,,2014,268
2014-09-25,,883393,1048,StepBuz,102,5009,0,0,,,,,,,,2014,268
2014-09-25,,883393,1048,MonPalHen,1102,8,0,0,,,,,,,,2014,268
2014-09-25,,883393,1048,Hen,96,1,0,0,,,,,,,,2014,268
2014-09-25,,883393,1048,Mar,95,26,0,0,,,,,,,,2014,268
2014-09-25,,883393,1048,ShortTE,94,1,0,0,,,,,,,,2014,268
2014-09-25,,883393,1048,BlaKite,88,1129,0,0,,,,,,,,2014,268
2014-09-19,,885173,1048,Mar,95,24,0,0,,,,,,,,2014,262
2014-09-19,,885173,1048,BlaKite,88,115,0,0,,,,,,,,2014,262
2014-09-19,,885173,1048,HB,86,22,0,0,,,,,,,,2014,262
2014-09-19,,885173,1048,BlaStork,31,1,0,0,,,,,,,,2014,262
2014-09-19,,885173,1048,CrestedHB,1014,1,0,0,,,,,,,,2014,262
2014-09-19,,885173,1048,BootedE,592,23,0,0,,,,,,,,2014,262
2014-09-19,,885173,1048,"Eagle sp.",591,6,0,0,,,,,,,,2014,262
2014-09-19,,885173,1048,LesserSE,105,15,0,0,,,,,,,,2014,262
2014-09-19,,885173,1048,StepBuz,102,1644,0,0,,,,,,,,2014,262
2014-09-19,,885173,1048,MonPalHen,1102,4,0,0,,,,,,,,2014,262
2014-09-19,,885173,1048,Pal,97,4,0,0,,,,,,,,2014,262
2014-08-17,,885226,1047,BlaKite,88,12,0,0,,,,,,,,2014,229
2014-08-17,,885226,1047,"raptor sp.",997,10,0,0,,,,,,,,2014,229
2014-08-17,,885226,1047,BootedE,592,3,0,0,,,,,,,,2014,229
2014-08-17,,885226,1047,StepBuz,102,2,0,0,,,,,,,,2014,229
2014-08-17,,885226,1047,MonPalHen,1102,2,0,0,,,,,,,,2014,229
2014-08-17,,885226,1047,HB,86,190,0,0,,,,,,,,2014,229
2014-08-17,,885226,1047,Mon,98,8,0,0,,,,,,,,2014,229
2014-08-17,,885226,1047,Mar,95,4,0,0,,,,,,,,2014,229
2014-08-17,,885226,1047,Roller,255,2,0,0,,,,,,,,2014,229
2014-08-20,,885274,1048,HB,86,475,0,0,,,,,,,,2014,232
2014-08-20,,885274,1048,BootedE,592,5,0,0,,,,,,,,2014,232
2014-08-20,,885274,1048,LesserSE,105,1,0,0,,,,,,,,2014,232
2014-08-20,,885274,1048,StepBuz,102,1,0,0,,,,,,,,2014,232
2014-08-20,,885274,1048,MonPalHen,1102,4,0,0,,,,,,,,2014,232
2014-08-20,,885274,1048,Mon,98,22,0,0,,,,,,,,2014,232
2014-08-20,,885274,1048,Mar,95,7,0,0,,,,,,,,2014,232
2014-08-20,,885274,1048,BlaKite,88,2,0,0,,,,,,,,2014,232
2014-08-20,,885274,1048,"raptor sp.",997,7,0,0,,,,,,,,2014,232
2014-08-20,,885274,1048,WhiStork,32,65,0,0,,,,,,,,2014,232
2014-09-08,,885306,1048,CrestedHB,1014,1,0,0,,,,,,,,2014,251
2014-09-08,,885306,1048,"raptor sp.",997,393,0,0,,,,,,,,2014,251
2014-09-08,,885306,1048,Osprey,109,4,0,0,,,,,,,,2014,251
2014-09-08,,885306,1048,BootedE,592,57,0,0,,,,,,,,2014,251
2014-09-08,,885306,1048,"Eagle sp.",591,2,0,0,,,,,,,,2014,251
2014-09-08,,885306,1048,LesserSE,105,3,0,0,,,,,,,,2014,251
2014-09-08,,885306,1048,StepBuz,102,101,0,0,,,,,,,,2014,251
2014-09-08,,885306,1048,LevantS,1019,160,0,0,,,,,,,,2014,251
2014-09-08,,885306,1048,MonPalHen,1102,10,0,0,,,,,,,,2014,251
2014-09-08,,885306,1048,Mon,98,3,0,0,,,,,,,,2014,251
2014-09-08,,885306,1048,Pal,97,2,0,0,,,,,,,,2014,251
2014-09-08,,885306,1048,Mar,95,24,0,0,,,,,,,,2014,251
2014-09-08,,885306,1048,ShortTE,94,3,0,0,,,,,,,,2014,251
2014-09-08,,885306,1048,BlaKite,88,2268,0,0,,,,,,,,2014,251
2014-09-08,,885306,1048,HB,86,4305,0,0,,,,,,,,2014,251
2014-09-08,,885306,1048,BlaStork,31,2,0,0,,,,,,,,2014,251
2014-09-15,,885309,1048,Mon,98,1,0,0,,,,,,,,2014,258
2014-09-15,,885309,1048,BlaStork,31,4,0,0,,,,,,,,2014,258
2014-09-15,,885309,1048,HB,86,314,0,0,,,,,,,,2014,258
2014-09-15,,885309,1048,BlaKite,88,207,0,0,,,,,,,,2014,258
2014-09-15,,885309,1048,ShortTE,94,8,0,0,,,,,,,,2014,258
2014-09-15,,885309,1048,Mar,95,34,0,0,,,,,,,,2014,258
2014-09-15,,885309,1048,Pal,97,9,0,0,,,,,,,,2014,258
2014-09-15,,885309,1048,MonPalHen,1102,13,0,0,,,,,,,,2014,258
2014-09-15,,885309,1048,LevantS,1019,55,0,0,,,,,,,,2014,258
2014-09-15,,885309,1048,StepBuz,102,520,0,0,,,,,,,,2014,258
2014-09-15,,885309,1048,LesserSE,105,6,0,0,,,,,,,,2014,258
2014-09-15,,885309,1048,"Eagle sp.",591,12,0,0,,,,,,,,2014,258
2014-09-15,,885309,1048,BootedE,592,70,0,0,,,,,,,,2014,258
2014-09-15,,885309,1048,falconsp,602,1,0,0,,,,,,,,2014,258
2014-09-15,,885309,1048,"raptor sp.",997,7,0,0,,,,,,,,2014,258
2014-09-26,,885323,1048,BlaKite,88,1273,0,0,,,,,,,,2014,269
2014-09-26,,885323,1048,HB,86,101,0,0,,,,,,,,2014,269
2014-09-26,,885323,1048,BlaStork,31,19,0,0,,,,,,,,2014,269
2014-09-26,,885323,1048,MonPalHen,1102,35,0,0,,,,,,,,2014,269
2014-09-26,,885323,1048,Pal,97,23,0,0,,,,,,,,2014,269
2014-09-26,,885323,1048,Mar,95,54,0,0,,,,,,,,2014,269
2014-09-26,,885323,1048,SteppeE,588,14,0,0,,,,,,,,2014,269
2014-09-26,,885323,1048,ShortTE,94,49,0,0,,,,,,,,2014,269
2014-09-26,,885323,1048,EgyptianV,578,2,0,0,,,,,,,,2014,269
2014-09-26,,885323,1048,"raptor sp.",997,847,0,0,,,,,,,,2014,269
2014-09-26,,885323,1048,Osprey,109,1,0,0,,,,,,,,2014,269
2014-09-26,,885323,1048,"Eagle sp.",591,636,0,0,,,,,,,,2014,269
2014-09-26,,885323,1048,GreaterSE,106,8,0,0,,,,,,,,2014,269
2014-09-26,,885323,1048,BootedE,592,143,0,0,,,,,,,,2014,269
2014-09-26,,885323,1048,LesserSE,105,142,0,0,,,,,,,,2014,269
2014-09-26,,885323,1048,StepBuz,102,35812,0,0,,,,,,,,2014,269
2014-09-26,,885323,1048,LevantS,1019,108,0,0,,,,,,,,2014,269
2014-09-20,,885336,1047,Mar,95,3,0,0,,,,,,,,2014,263
2014-09-20,,885336,1047,MonPalHen,1102,1,0,0,,,,,,,,2014,263
2014-09-20,,885336,1047,StepBuz,102,6,0,0,,,,,,,,2014,263
2014-09-20,,885336,1047,"harrier sp",584,1,0,0,,,,,,,,2014,263
2014-09-20,,885336,1047,BlaKite,88,2,0,0,,,,,,,,2014,263
2014-09-20,,885336,1047,HB,86,1,0,0,,,,,,,,2014,263
2014-09-22,,885337,1047,BlaKite,88,2984,0,0,,,,,,,,2014,265
2014-09-22,,885337,1047,BlaStork,31,8,0,0,,,,,,,,2014,265
2014-09-22,,885337,1047,HB,86,1466,0,0,,,,,,,,2014,265
2014-09-22,,885337,1047,WhiteTE,91,1,0,0,,,,,,,,2014,265
2014-09-22,,885337,1047,ShortTE,94,32,0,0,,,,,,,,2014,265
2014-09-22,,885337,1047,Mar,95,214,0,0,,,,,,,,2014,265
2014-09-22,,885337,1047,CrestedHB,1014,1,0,0,,,,,,,,2014,265
2014-09-22,,885337,1047,"raptor sp.",997,189,0,0,,,,,,,,2014,265
2014-09-22,,885337,1047,Peregrine,115,1,0,0,,,,,,,,2014,265
2014-09-22,,885337,1047,Osprey,109,3,0,0,,,,,,,,2014,265
2014-09-22,,885337,1047,BootedE,592,515,0,0,,,,,,,,2014,265
2014-09-22,,885337,1047,"Eagle sp.",591,107,0,0,,,,,,,,2014,265
2014-09-22,,885337,1047,SteppeE,588,1,0,0,,,,,,,,2014,265
2014-09-22,,885337,1047,GreaterSE,106,2,0,0,,,,,,,,2014,265
2014-09-22,,885337,1047,LesserSE,105,51,0,0,,,,,,,,2014,265
2014-09-22,,885337,1047,LongLB,103,1,0,0,,,,,,,,2014,265
2014-09-22,,885337,1047,StepBuz,102,10689,0,0,,,,,,,,2014,265
2014-09-22,,885337,1047,LevantS,1019,40,0,0,,,,,,,,2014,265
2014-09-22,,885337,1047,MonPalHen,1102,67,0,0,,,,,,,,2014,265
2014-09-22,,885337,1047,Pal,97,25,0,0,,,,,,,,2014,265
2014-08-27,,885341,1048,ShortTE,94,1,0,0,,,,,,,,2014,239
2014-08-27,,885341,1048,HB,86,1560,0,0,,,,,,,,2014,239
2014-08-27,,885341,1048,BlaKite,88,209,0,0,,,,,,,,2014,239
2014-08-27,,885341,1048,Roller,255,1,0,0,,,,,,,,2014,239
2014-08-27,,885341,1048,MonPalHen,1102,41,0,0,,,,,,,,2014,239
2014-08-27,,885341,1048,Mon,98,44,0,0,,,,,,,,2014,239
2014-08-27,,885341,1048,Pal,97,2,0,0,,,,,,,,2014,239
2014-08-27,,885341,1048,Mar,95,20,0,0,,,,,,,,2014,239
2014-08-27,,885341,1048,BootedE,592,10,0,0,,,,,,,,2014,239
2014-08-27,,885341,1048,StepBuz,102,7,0,0,,,,,,,,2014,239
2014-08-27,,885341,1048,LevantS,1019,8,0,0,,,,,,,,2014,239
2014-09-16,,885346,1048,LesserSE,105,9,0,0,,,,,,,,2014,259
2014-09-16,,885346,1048,StepBuz,102,2117,0,0,,,,,,,,2014,259
2014-09-16,,885346,1048,LevantS,1019,31,0,0,,,,,,,,2014,259
2014-09-16,,885346,1048,MonPalHen,1102,62,0,0,,,,,,,,2014,259
2014-09-16,,885346,1048,Mon,98,2,0,0,,,,,,,,2014,259
2014-09-16,,885346,1048,Pal,97,10,0,0,,,,,,,,2014,259
2014-09-16,,885346,1048,Mar,95,264,0,0,,,,,,,,2014,259
2014-09-16,,885346,1048,ShortTE,94,2,0,0,,,,,,,,2014,259
2014-09-16,,885346,1048,BlaKite,88,1998,0,0,,,,,,,,2014,259
2014-09-16,,885346,1048,HB,86,389,0,0,,,,,,,,2014,259
2014-09-16,,885346,1048,BlaStork,31,55,0,0,,,,,,,,2014,259
2014-09-16,,885346,1048,"raptor sp.",997,260,0,0,,,,,,,,2014,259
2014-09-16,,885346,1048,Peregrine,115,1,0,0,,,,,,,,2014,259
2014-09-16,,885346,1048,Osprey,109,1,0,0,,,,,,,,2014,259
2014-09-16,,885346,1048,BootedE,592,45,0,0,,,,,,,,2014,259
2014-09-16,,885346,1048,"Eagle sp.",591,3,0,0,,,,,,,,2014,259
2014-09-04,,885361,1047,Mon,98,91,0,0,,,,,,,,2014,247
2014-09-04,,885361,1047,MonPalHen,1102,450,0,0,,,,,,,,2014,247
2014-09-04,,885361,1047,BlaKite,88,1452,0,0,,,,,,,,2014,247
2014-09-04,,885361,1047,HB,86,91536,0,0,,,,,,,,2014,247
2014-09-04,,885361,1047,LevantS,1019,5,0,0,,,,,,,,2014,247
2014-09-04,,885361,1047,LesserSE,105,4,0,0,,,,,,,,2014,247
2014-09-04,,885361,1047,BootedE,592,180,0,0,,,,,,,,2014,247
2014-09-04,,885361,1047,Osprey,109,4,0,0,,,,,,,,2014,247
2014-09-04,,885361,1047,Roller,255,144,0,0,,,,,,,,2014,247
2014-09-04,,885361,1047,"harrier sp",584,18,0,0,,,,,,,,2014,247
2014-09-04,,885361,1047,BlaStork,31,3,0,0,,,,,,,,2014,247
2014-09-04,,885361,1047,ShortTE,94,5,0,0,,,,,,,,2014,247
2014-09-04,,885361,1047,Mar,95,134,0,0,,,,,,,,2014,247
2014-09-04,,885361,1047,Pal,97,7,0,0,,,,,,,,2014,247
2014-09-08,,885363,1047,Mar,95,27,0,0,,,,,,,,2014,251
2014-09-08,,885363,1047,Pal,97,5,0,0,,,,,,,,2014,251
2014-09-08,,885363,1047,Mon,98,5,0,0,,,,,,,,2014,251
2014-09-08,,885363,1047,MonPalHen,1102,15,0,0,,,,,,,,2014,251
2014-09-08,,885363,1047,LevantS,1019,151,0,0,,,,,,,,2014,251
2014-09-08,,885363,1047,StepBuz,102,4,0,0,,,,,,,,2014,251
2014-09-08,,885363,1047,LesserSE,105,4,0,0,,,,,,,,2014,251
2014-09-08,,885363,1047,BootedE,592,77,0,0,,,,,,,,2014,251
2014-09-08,,885363,1047,Osprey,109,1,0,0,,,,,,,,2014,251
2014-09-08,,885363,1047,Peregrine,115,1,0,0,,,,,,,,2014,251
2014-09-08,,885363,1047,HB,86,1512,0,0,,,,,,,,2014,251
2014-09-08,,885363,1047,BlaKite,88,3927,0,0,,,,,,,,2014,251
2014-09-08,,885363,1047,CrestedHB,1014,1,0,0,,,,,,,,2014,251
2014-09-08,,885363,1047,ShortTE,94,3,0,0,,,,,,,,2014,251
2014-09-23,,885369,1047,Pal,97,16,0,0,,,,,,,,2014,266
2014-09-23,,885369,1047,BlaStork,31,8,0,0,,,,,,,,2014,266
2014-09-23,,885369,1047,CrestedHB,1014,1,0,0,,,,,,,,2014,266
2014-09-23,,885369,1047,BootedE,592,296,0,0,,,,,,,,2014,266
2014-09-23,,885369,1047,SteppeE,588,1,0,0,,,,,,,,2014,266
2014-09-23,,885369,1047,LesserSE,105,12,0,0,,,,,,,,2014,266
2014-09-23,,885369,1047,StepBuz,102,85,0,0,,,,,,,,2014,266
2014-09-23,,885369,1047,HB,86,320,0,0,,,,,,,,2014,266
2014-09-23,,885369,1047,BlaKite,88,3222,0,0,,,,,,,,2014,266
2014-09-23,,885369,1047,ShortTE,94,6,0,0,,,,,,,,2014,266
2014-09-23,,885369,1047,Mar,95,71,0,0,,,,,,,,2014,266
2014-09-23,,885369,1047,MonPalHen,1102,25,0,0,,,,,,,,2014,266
2014-09-23,,885369,1047,LevantS,1019,115,0,0,,,,,,,,2014,266
2014-09-23,,885369,1047,Roller,255,3,0,0,,,,,,,,2014,266
2014-09-23,,885369,1047,"raptor sp.",997,15,0,0,,,,,,,,2014,266
2014-09-23,,885369,1047,Peregrine,115,1,0,0,,,,,,,,2014,266
2014-09-23,,885369,1047,RedFF,111,3,0,0,,,,,,,,2014,266
2014-09-23,,885369,1047,Osprey,109,3,0,0,,,,,,,,2014,266
2014-08-24,,885377,1047,Mon,98,130,0,0,,,,,,,,2014,236
2014-08-24,,885377,1047,MonPalHen,1102,54,0,0,,,,,,,,2014,236
2014-08-24,,885377,1047,BootedE,592,63,0,0,,,,,,,,2014,236
2014-08-24,,885377,1047,Pal,97,2,0,0,,,,,,,,2014,236
2014-08-24,,885377,1047,WhiStork,32,24,0,0,,,,,,,,2014,236
2014-08-24,,885377,1047,Roller,255,18,0,0,,,,,,,,2014,236
2014-08-24,,885377,1047,BlaStork,31,2,0,0,,,,,,,,2014,236
2014-08-24,,885377,1047,Mar,95,23,0,0,,,,,,,,2014,236
2014-08-24,,885377,1047,BlaKite,88,37,0,0,,,,,,,,2014,236
2014-08-24,,885377,1047,HB,86,20515,0,0,,,,,,,,2014,236
2014-08-25,,885378,1047,Roller,255,92,0,0,,,,,,,,2014,237
2014-08-25,,885378,1047,"raptor sp.",997,2,0,0,,,,,,,,2014,237
2014-08-25,,885378,1047,BootedE,592,48,0,0,,,,,,,,2014,237
2014-08-25,,885378,1047,MonPalHen,1102,198,0,0,,,,,,,,2014,237
2014-08-25,,885378,1047,Mon,98,118,0,0,,,,,,,,2014,237
2014-08-25,,885378,1047,Pal,97,2,0,0,,,,,,,,2014,237
2014-08-25,,885378,1047,Mar,95,23,0,0,,,,,,,,2014,237
2014-08-25,,885378,1047,BlaKite,88,56,0,0,,,,,,,,2014,237
2014-08-25,,885378,1047,HB,86,14739,0,0,,,,,,,,2014,237
2014-08-25,,885378,1047,WhiStork,32,1,0,0,,,,,,,,2014,237
2014-08-25,,885378,1047,BlaStork,31,2,0,0,,,,,,,,2014,237
2014-08-27,,885382,1047,MonPalHen,1102,179,0,0,,,,,,,,2014,239
2014-08-27,,885382,1047,Mon,98,55,0,0,,,,,,,,2014,239
2014-08-27,,885382,1047,Roller,255,15,0,0,,,,,,,,2014,239
2014-08-27,,885382,1047,SakerF,599,1,0,0,,,,,,,,2014,239
2014-08-27,,885382,1047,Osprey,109,1,0,0,,,,,,,,2014,239
2014-08-27,,885382,1047,BootedE,592,66,0,0,,,,,,,,2014,239
2014-08-27,,885382,1047,SteppeE,588,1,0,0,,,,,,,,2014,239
2014-08-27,,885382,1047,StepBuz,102,1,0,0,,,,,,,,2014,239
2014-08-27,,885382,1047,BlaStork,31,1,0,0,,,,,,,,2014,239
2014-08-27,,885382,1047,WhiStork,32,1,0,0,,,,,,,,2014,239
2014-08-27,,885382,1047,Pal,97,1,0,0,,,,,,,,2014,239
2014-08-27,,885382,1047,Mar,95,48,0,0,,,,,,,,2014,239
2014-08-27,,885382,1047,ShortTE,94,0,1,0,,,,,,,,2014,239
2014-08-27,,885382,1047,BlaKite,88,281,0,0,,,,,,,,2014,239
2014-08-27,,885382,1047,HB,86,36278,0,0,,,,,,,,2014,239
2014-08-28,,885384,1047,WhiStork,32,20,0,0,,,,,,,,2014,240
2014-08-28,,885384,1047,"Eagle sp.",591,3,0,0,,,,,,,,2014,240
2014-08-28,,885384,1047,BootedE,592,39,0,0,,,,,,,,2014,240
2014-08-28,,885384,1047,Roller,255,108,0,0,,,,,,,,2014,240
2014-08-28,,885384,1047,MonPalHen,1102,166,0,0,,,,,,,,2014,240
2014-08-28,,885384,1047,Mon,98,286,0,0,,,,,,,,2014,240
2014-08-28,,885384,1047,Pal,97,1,0,0,,,,,,,,2014,240
2014-08-28,,885384,1047,Mar,95,64,0,0,,,,,,,,2014,240
2014-08-28,,885384,1047,BlaKite,88,246,0,0,,,,,,,,2014,240
2014-08-28,,885384,1047,HB,86,81666,0,0,,,,,,,,2014,240
2014-08-28,,885384,1047,BlaStork,31,5,0,0,,,,,,,,2014,240
2014-08-31,,885385,1047,StepBuz,102,2,0,0,,,,,,,,2014,243
2014-08-31,,885385,1047,BlaStork,31,8,0,0,,,,,,,,2014,243
2014-08-31,,885385,1047,WhiStork,32,5,0,0,,,,,,,,2014,243
2014-08-31,,885385,1047,HB,86,52177,0,0,,,,,,,,2014,243
2014-08-31,,885385,1047,BlaKite,88,1001,0,0,,,,,,,,2014,243
2014-08-31,,885385,1047,ShortTE,94,1,0,0,,,,,,,,2014,243
2014-08-31,,885385,1047,Mar,95,94,0,0,,,,,,,,2014,243
2014-08-31,,885385,1047,Pal,97,5,0,0,,,,,,,,2014,243
2014-08-31,,885385,1047,Mon,98,138,0,0,,,,,,,,2014,243
2014-08-31,,885385,1047,MonPalHen,1102,268,0,0,,,,,,,,2014,243
2014-08-31,,885385,1047,LevantS,1019,36,0,0,,,,,,,,2014,243
2014-08-31,,885385,1047,BootedE,592,57,0,0,,,,,,,,2014,243
2014-08-31,,885385,1047,Peregrine,115,3,0,0,,,,,,,,2014,243
2014-08-31,,885385,1047,"raptor sp.",997,345,0,0,,,,,,,,2014,243
2014-08-31,,885385,1047,Roller,255,314,0,0,,,,,,,,2014,243
2014-09-01,,885386,1047,WhiStork,32,2,0,0,,,,,,,,2014,244
2014-09-01,,885386,1047,BlaStork,31,10,0,0,,,,,,,,2014,244
2014-09-01,,885386,1047,Pal,97,13,0,0,,,,,,,,2014,244
2014-09-01,,885386,1047,Roller,255,332,0,0,,,,,,,,2014,244
2014-09-01,,885386,1047,"raptor sp.",997,6,0,0,,,,,,,,2014,244
2014-09-01,,885386,1047,Osprey,109,3,0,0,,,,,,,,2014,244
2014-09-01,,885386,1047,BootedE,592,184,0,0,,,,,,,,2014,244
2014-09-01,,885386,1047,"Eagle sp.",591,2,0,0,,,,,,,,2014,244
2014-09-01,,885386,1047,LesserSE,105,2,0,0,,,,,,,,2014,244
2014-09-01,,885386,1047,StepBuz,102,2,0,0,,,,,,,,2014,244
2014-09-01,,885386,1047,LevantS,1019,203,0,0,,,,,,,,2014,244
2014-09-01,,885386,1047,MonPalHen,1102,600,0,0,,,,,,,,2014,244
2014-09-01,,885386,1047,Mon,98,209,0,0,,,,,,,,2014,244
2014-09-01,,885386,1047,HB,86,42591,0,0,,,,,,,,2014,244
2014-09-01,,885386,1047,BlaKite,88,414,0,0,,,,,,,,2014,244
2014-09-01,,885386,1047,ShortTE,94,6,0,0,,,,,,,,2014,244
2014-09-01,,885386,1047,Mar,95,114,0,0,,,,,,,,2014,244
2014-09-09,,885388,1047,MonPalHen,1102,67,0,0,,,,,,,,2014,252
2014-09-09,,885388,1047,BlaStork,31,2,0,0,,,,,,,,2014,252
2014-09-09,,885388,1047,HB,86,695,0,0,,,,,,,,2014,252
2014-09-09,,885388,1047,BlaKite,88,3109,0,0,,,,,,,,2014,252
2014-09-09,,885388,1047,WhiteTE,91,0,1,0,,,,,,,,2014,252
2014-09-09,,885388,1047,ShortTE,94,2,0,0,,,,,,,,2014,252
2014-09-09,,885388,1047,Mar,95,127,0,0,,,,,,,,2014,252
2014-09-09,,885388,1047,Pal,97,10,0,0,,,,,,,,2014,252
2014-09-09,,885388,1047,Mon,98,28,0,0,,,,,,,,2014,252
2014-09-09,,885388,1047,LevantS,1019,86,0,0,,,,,,,,2014,252
2014-09-09,,885388,1047,StepBuz,102,48,0,0,,,,,,,,2014,252
2014-09-09,,885388,1047,"Eagle sp.",591,1,0,0,,,,,,,,2014,252
2014-09-09,,885388,1047,BootedE,592,113,0,0,,,,,,,,2014,252
2014-09-09,,885388,1047,Osprey,109,2,0,0,,,,,,,,2014,252
2014-09-09,,885388,1047,"raptor sp.",997,1034,0,0,,,,,,,,2014,252
2014-09-09,,885388,1047,Roller,255,8,0,0,,,,,,,,2014,252
2014-09-02,,885389,1047,ShortTE,94,3,0,0,,,,,,,,2014,245
2014-09-02,,885389,1047,BlaKite,88,446,0,0,,,,,,,,2014,245
2014-09-02,,885389,1047,HB,86,13983,0,0,,,,,,,,2014,245
2014-09-02,,885389,1047,WhiStork,32,14,0,0,,,,,,,,2014,245
2014-09-02,,885389,1047,Roller,255,52,0,0,,,,,,,,2014,245
2014-09-02,,885389,1047,BootedE,592,89,0,0,,,,,,,,2014,245
2014-09-02,,885389,1047,"Eagle sp.",591,2,0,0,,,,,,,,2014,245
2014-09-02,,885389,1047,LesserSE,105,3,0,0,,,,,,,,2014,245
2014-09-02,,885389,1047,LevantS,1019,98,0,0,,,,,,,,2014,245
2014-09-02,,885389,1047,MonPalHen,1102,41,0,0,,,,,,,,2014,245
2014-09-02,,885389,1047,Mon,98,25,0,0,,,,,,,,2014,245
2014-09-02,,885389,1047,Pal,97,5,0,0,,,,,,,,2014,245
2014-09-02,,885389,1047,Mar,95,25,0,0,,,,,,,,2014,245
2014-09-03,,885391,1047,ShortTE,94,2,0,0,,,,,,,,2014,246
2014-09-03,,885391,1047,HB,86,30683,0,0,,,,,,,,2014,246
2014-09-03,,885391,1047,WhiStork,32,1,0,0,,,,,,,,2014,246
2014-09-03,,885391,1047,BlaStork,31,2,0,0,,,,,,,,2014,246
2014-09-03,,885391,1047,Roller,255,418,0,0,,,,,,,,2014,246
2014-09-03,,885391,1047,Osprey,109,1,0,0,,,,,,,,2014,246
2014-09-03,,885391,1047,BootedE,592,71,0,0,,,,,,,,2014,246
2014-09-03,,885391,1047,LesserSE,105,1,0,0,,,,,,,,2014,246
2014-09-03,,885391,1047,StepBuz,102,3,0,0,,,,,,,,2014,246
2014-09-03,,885391,1047,LevantS,1019,22,0,0,,,,,,,,2014,246
2014-09-03,,885391,1047,MonPalHen,1102,259,0,0,,,,,,,,2014,246
2014-09-03,,885391,1047,Mon,98,168,0,0,,,,,,,,2014,246
2014-09-03,,885391,1047,Pal,97,18,0,0,,,,,,,,2014,246
2014-09-03,,885391,1047,Mar,95,95,0,0,,,,,,,,2014,246
2014-09-03,,885391,1047,BlaKite,88,661,0,0,,,,,,,,2014,246
2014-09-06,,885393,1047,BlaKite,88,1364,0,0,,,,,,,,2014,249
2014-09-06,,885393,1047,HB,86,20829,0,0,,,,,,,,2014,249
2014-09-06,,885393,1047,BlaStork,31,4,0,0,,,,,,,,2014,249
2014-09-06,,885393,1047,Roller,255,29,0,0,,,,,,,,2014,249
2014-09-06,,885393,1047,"raptor sp.",997,1025,0,0,,,,,,,,2014,249
2014-09-06,,885393,1047,Osprey,109,5,0,0,,,,,,,,2014,249
2014-09-06,,885393,1047,BootedE,592,48,0,0,,,,,,,,2014,249
2014-09-06,,885393,1047,StepBuz,102,13,0,0,,,,,,,,2014,249
2014-09-06,,885393,1047,LevantS,1019,40,0,0,,,,,,,,2014,249
2014-09-06,,885393,1047,MonPalHen,1102,205,0,0,,,,,,,,2014,249
2014-09-06,,885393,1047,Mon,98,43,0,0,,,,,,,,2014,249
2014-09-06,,885393,1047,Pal,97,5,0,0,,,,,,,,2014,249
2014-09-06,,885393,1047,Mar,95,175,0,0,,,,,,,,2014,249
2014-09-06,,885393,1047,ShortTE,94,6,0,0,,,,,,,,2014,249
2014-09-07,,885394,1047,MonPalHen,1102,74,0,0,,,,,,,,2014,250
2014-09-07,,885394,1047,Pal,97,8,0,0,,,,,,,,2014,250
2014-09-07,,885394,1047,Mar,95,128,0,0,,,,,,,,2014,250
2014-09-07,,885394,1047,HB,86,88308,0,0,,,,,,,,2014,250
2014-09-07,,885394,1047,BlaKite,88,3060,0,0,,,,,,,,2014,250
2014-09-07,,885394,1047,EgyptianV,578,1,0,0,,,,,,,,2014,250
2014-09-07,,885394,1047,ShortTE,94,13,0,0,,,,,,,,2014,250
2014-09-07,,885394,1047,Roller,255,157,0,0,,,,,,,,2014,250
2014-09-07,,885394,1047,Osprey,109,1,0,0,,,,,,,,2014,250
2014-09-07,,885394,1047,BootedE,592,178,0,0,,,,,,,,2014,250
2014-09-07,,885394,1047,"Eagle sp.",591,2,0,0,,,,,,,,2014,250
2014-09-07,,885394,1047,LesserSE,105,4,0,0,,,,,,,,2014,250
2014-09-07,,885394,1047,StepBuz,102,12,0,0,,,,,,,,2014,250
2014-09-07,,885394,1047,LevantS,1019,22,0,0,,,,,,,,2014,250
2014-09-07,,885394,1047,Mon,98,57,0,0,,,,,,,,2014,250
2014-09-11,,885395,1047,HB,86,5086,0,0,,,,,,,,2014,254
2014-09-11,,885395,1047,ShortTE,94,4,0,0,,,,,,,,2014,254
2014-09-11,,885395,1047,BlaKite,88,951,0,0,,,,,,,,2014,254
2014-09-11,,885395,1047,Mon,98,54,0,0,,,,,,,,2014,254
2014-09-11,,885395,1047,MonPalHen,1102,43,0,0,,,,,,,,2014,254
2014-09-11,,885395,1047,LevantS,1019,12,0,0,,,,,,,,2014,254
2014-09-11,,885395,1047,StepBuz,102,111,0,0,,,,,,,,2014,254
2014-09-11,,885395,1047,LesserSE,105,2,0,0,,,,,,,,2014,254
2014-09-11,,885395,1047,"Eagle sp.",591,1,0,0,,,,,,,,2014,254
2014-09-11,,885395,1047,BootedE,592,70,0,0,,,,,,,,2014,254
2014-09-11,,885395,1047,Osprey,109,3,0,0,,,,,,,,2014,254
2014-09-11,,885395,1047,Peregrine,115,1,0,0,,,,,,,,2014,254
2014-09-11,,885395,1047,Roller,255,16,0,0,,,,,,,,2014,254
2014-09-11,,885395,1047,BlaStork,31,1,0,0,,,,,,,,2014,254
2014-09-11,,885395,1047,Pal,97,17,0,0,,,,,,,,2014,254
2014-09-11,,885395,1047,Mar,95,108,0,0,,,,,,,,2014,254
2014-09-14,,885399,1047,"harrier sp",584,1,0,0,,,,,,,,2014,257
2014-09-14,,885399,1047,HB,86,1188,0,0,,,,,,,,2014,257
2014-09-14,,885399,1047,WhiStork,32,3,0,0,,,,,,,,2014,257
2014-09-14,,885399,1047,Pal,97,24,0,0,,,,,,,,2014,257
2014-09-14,,885399,1047,BlaStork,31,36,0,0,,,,,,,,2014,257
2014-09-14,,885399,1047,Mar,95,169,0,0,,,,,,,,2014,257
2014-09-14,,885399,1047,Mon,98,90,0,0,,,,,,,,2014,257
2014-09-14,,885399,1047,MonPalHen,1102,57,0,0,,,,,,,,2014,257
2014-09-14,,885399,1047,LevantS,1019,173,0,0,,,,,,,,2014,257
2014-09-14,,885399,1047,StepBuz,102,914,0,0,,,,,,,,2014,257
2014-09-14,,885399,1047,LesserSE,105,35,0,0,,,,,,,,2014,257
2014-09-14,,885399,1047,SteppeE,588,1,0,0,,,,,,,,2014,257
2014-09-14,,885399,1047,"Eagle sp.",591,4,0,0,,,,,,,,2014,257
2014-09-14,,885399,1047,BootedE,592,467,0,0,,,,,,,,2014,257
2014-09-14,,885399,1047,Osprey,109,2,0,0,,,,,,,,2014,257
2014-09-14,,885399,1047,Peregrine,115,2,0,0,,,,,,,,2014,257
2014-09-14,,885399,1047,"raptor sp.",997,106,0,0,,,,,,,,2014,257
2014-09-14,,885399,1047,Roller,255,9,0,0,,,,,,,,2014,257
2014-09-14,,885399,1047,CrestedHB,1014,2,0,0,,,,,,,,2014,257
2014-09-14,,885399,1047,BlaKite,88,3257,0,0,,,,,,,,2014,257
2014-09-14,,885399,1047,ShortTE,94,12,0,0,,,,,,,,2014,257
2014-09-18,,885402,1047,Mon,98,4,0,0,,,,,,,,2014,261
2014-09-18,,885402,1047,Pal,97,9,0,0,,,,,,,,2014,261
2014-09-18,,885402,1047,Mar,95,47,0,0,,,,,,,,2014,261
2014-09-18,,885402,1047,ShortTE,94,1,0,0,,,,,,,,2014,261
2014-09-18,,885402,1047,BlaKite,88,1284,0,0,,,,,,,,2014,261
2014-09-18,,885402,1047,HB,86,59,0,0,,,,,,,,2014,261
2014-09-18,,885402,1047,BlaStork,31,5,0,0,,,,,,,,2014,261
2014-09-18,,885402,1047,SteppeE,588,1,0,0,,,,,,,,2014,261
2014-09-18,,885402,1047,MonPalHen,1102,14,0,0,,,,,,,,2014,261
2014-09-18,,885402,1047,LevantS,1019,23,0,0,,,,,,,,2014,261
2014-09-18,,885402,1047,LesserSE,105,3,0,0,,,,,,,,2014,261
2014-09-18,,885402,1047,StepBuz,102,48,0,0,,,,,,,,2014,261
2014-09-18,,885402,1047,Roller,255,2,0,0,,,,,,,,2014,261
2014-09-18,,885402,1047,"raptor sp.",997,5,0,0,,,,,,,,2014,261
2014-09-18,,885402,1047,Osprey,109,1,0,0,,,,,,,,2014,261
2014-09-18,,885402,1047,BootedE,592,96,0,0,,,,,,,,2014,261
2014-09-18,,885402,1047,"Eagle sp.",591,1,0,0,,,,,,,,2014,261
2014-09-25,,885404,1047,"raptor sp.",997,14,0,0,,,,,,,,2014,268
2014-09-25,,885404,1047,RedFF,111,213,0,0,,,,,,,,2014,268
2014-09-25,,885404,1047,Osprey,109,1,0,0,,,,,,,,2014,268
2014-09-25,,885404,1047,BootedE,592,25,0,0,,,,,,,,2014,268
2014-09-25,,885404,1047,SteppeE,588,1,0,0,,,,,,,,2014,268
2014-09-25,,885404,1047,LesserSE,105,4,0,0,,,,,,,,2014,268
2014-09-25,,885404,1047,StepBuz,102,520,0,0,,,,,,,,2014,268
2014-09-25,,885404,1047,LevantS,1019,5,0,0,,,,,,,,2014,268
2014-09-25,,885404,1047,MonPalHen,1102,29,0,0,,,,,,,,2014,268
2014-09-25,,885404,1047,Mon,98,4,0,0,,,,,,,,2014,268
2014-09-25,,885404,1047,Pal,97,31,0,0,,,,,,,,2014,268
2014-09-25,,885404,1047,Mar,95,61,0,0,,,,,,,,2014,268
2014-09-25,,885404,1047,BlaKite,88,1509,0,0,,,,,,,,2014,268
2014-09-25,,885404,1047,HB,86,29,0,0,,,,,,,,2014,268
2014-09-25,,885404,1047,BlaStork,31,1,0,0,,,,,,,,2014,268
2014-08-18,,885409,1048,ShortTE,94,8,0,0,,,,,,,,2014,230
2014-08-18,,885409,1048,BlaKite,88,19,0,0,,,,,,,,2014,230
2014-08-18,,885409,1048,HB,86,214,0,0,,,,,,,,2014,230
2014-08-18,,885409,1048,Mar,95,8,0,0,,,,,,,,2014,230
2014-08-18,,885409,1048,"raptor sp.",997,1,0,0,,,,,,,,2014,230
2014-08-18,,885409,1048,BootedE,592,8,0,0,,,,,,,,2014,230
2014-08-18,,885409,1048,MonPalHen,1102,28,0,0,,,,,,,,2014,230
2014-08-18,,885409,1048,Mon,98,26,0,0,,,,,,,,2014,230
2014-08-22,,885411,1048,Mon,98,27,0,0,,,,,,,,2014,234
2014-08-22,,885411,1048,MonPalHen,1102,17,0,0,,,,,,,,2014,234
2014-08-22,,885411,1048,"raptor sp.",997,434,0,0,,,,,,,,2014,234
2014-08-22,,885411,1048,StepBuz,102,4,0,0,,,,,,,,2014,234
2014-08-22,,885411,1048,BlaStork,31,2,0,0,,,,,,,,2014,234
2014-08-22,,885411,1048,WhiStork,32,248,0,0,,,,,,,,2014,234
2014-08-22,,885411,1048,HB,86,775,0,0,,,,,,,,2014,234
2014-08-22,,885411,1048,BlaKite,88,43,0,0,,,,,,,,2014,234
2014-08-22,,885411,1048,Mar,95,11,0,0,,,,,,,,2014,234
2014-08-23,,885412,1048,Osprey,109,1,0,0,,,,,,,,2014,235
2014-08-23,,885412,1048,BootedE,592,6,0,0,,,,,,,,2014,235
2014-08-23,,885412,1048,WhiStork,32,117,0,0,,,,,,,,2014,235
2014-08-23,,885412,1048,HB,86,690,0,0,,,,,,,,2014,235
2014-08-23,,885412,1048,BlaKite,88,29,0,0,,,,,,,,2014,235
2014-08-23,,885412,1048,Mar,95,22,0,0,,,,,,,,2014,235
2014-08-23,,885412,1048,Mon,98,58,0,0,,,,,,,,2014,235
2014-08-23,,885412,1048,MonPalHen,1102,66,0,0,,,,,,,,2014,235
2014-08-25,,885413,1048,ShortTE,94,1,0,0,,,,,,,,2014,237
2014-08-25,,885413,1048,HB,86,185,0,0,,,,,,,,2014,237
2014-08-25,,885413,1048,Mar,95,57,0,0,,,,,,,,2014,237
2014-08-25,,885413,1048,Pal,97,1,0,0,,,,,,,,2014,237
2014-08-25,,885413,1048,Mon,98,188,0,0,,,,,,,,2014,237
2014-08-25,,885413,1048,MonPalHen,1102,389,0,0,,,,,,,,2014,237
2014-08-25,,885413,1048,StepBuz,102,1,0,0,,,,,,,,2014,237
2014-08-25,,885413,1048,BootedE,592,6,0,0,,,,,,,,2014,237
2014-08-25,,885413,1048,"raptor sp.",997,19,0,0,,,,,,,,2014,237
2014-08-25,,885413,1048,Roller,255,8,0,0,,,,,,,,2014,237
2014-08-25,,885413,1048,BlaKite,88,102,0,0,,,,,,,,2014,237
2014-08-26,,885414,1048,Mon,98,85,0,0,,,,,,,,2014,238
2014-08-26,,885414,1048,WhiStork,32,1,0,0,,,,,,,,2014,238
2014-08-26,,885414,1048,HB,86,886,0,0,,,,,,,,2014,238
2014-08-26,,885414,1048,BlaKite,88,148,0,0,,,,,,,,2014,238
2014-08-26,,885414,1048,EgyptianV,578,1,0,0,,,,,,,,2014,238
2014-08-26,,885414,1048,Mar,95,22,0,0,,,,,,,,2014,238
2014-08-26,,885414,1048,MonPalHen,1102,144,0,0,,,,,,,,2014,238
2014-08-26,,885414,1048,BootedE,592,10,0,0,,,,,,,,2014,238
2014-08-26,,885414,1048,"raptor sp.",997,10,0,0,,,,,,,,2014,238
2014-08-26,,885414,1048,Roller,255,14,0,0,,,,,,,,2014,238
2014-08-28,,885415,1048,BootedE,592,10,0,0,,,,,,,,2014,240
2014-08-28,,885415,1048,LevantS,1019,40,0,0,,,,,,,,2014,240
2014-08-28,,885415,1048,MonPalHen,1102,208,0,0,,,,,,,,2014,240
2014-08-28,,885415,1048,Mon,98,98,0,0,,,,,,,,2014,240
2014-08-28,,885415,1048,Pal,97,4,0,0,,,,,,,,2014,240
2014-08-28,,885415,1048,Roller,255,15,0,0,,,,,,,,2014,240
2014-08-28,,885415,1048,Mar,95,58,0,0,,,,,,,,2014,240
2014-08-28,,885415,1048,ShortTE,94,2,0,0,,,,,,,,2014,240
2014-08-28,,885415,1048,BlaKite,88,160,0,0,,,,,,,,2014,240
2014-08-28,,885415,1048,HB,86,1801,0,0,,,,,,,,2014,240
2014-08-28,,885415,1048,BlaStork,31,1,0,0,,,,,,,,2014,240
2014-09-01,,885418,1048,Mon,98,32,0,0,,,,,,,,2014,244
2014-09-01,,885418,1048,MonPalHen,1102,149,0,0,,,,,,,,2014,244
2014-09-01,,885418,1048,LevantS,1019,321,0,0,,,,,,,,2014,244
2014-09-01,,885418,1048,LesserSE,105,1,0,0,,,,,,,,2014,244
2014-09-01,,885418,1048,StepBuz,102,19,0,0,,,,,,,,2014,244
2014-09-01,,885418,1048,BootedE,592,18,0,0,,,,,,,,2014,244
2014-09-01,,885418,1048,"raptor sp.",997,15,0,0,,,,,,,,2014,244
2014-09-01,,885418,1048,Roller,255,11,0,0,,,,,,,,2014,244
2014-09-01,,885418,1048,BlaKite,88,309,0,0,,,,,,,,2014,244
2014-09-01,,885418,1048,ShortTE,94,5,0,0,,,,,,,,2014,244
2014-09-01,,885418,1048,Mar,95,35,0,0,,,,,,,,2014,244
2014-09-01,,885418,1048,HB,86,71,0,0,,,,,,,,2014,244
2014-09-01,,885418,1048,WhiStork,32,7,0,0,,,,,,,,2014,244
2014-09-01,,885418,1048,BlaStork,31,4,0,0,,,,,,,,2014,244
2014-09-01,,885418,1048,Pal,97,1,0,0,,,,,,,,2014,244
2014-09-03,,885419,1048,Roller,255,10,0,0,,,,,,,,2014,246
2014-09-03,,885419,1048,Mar,95,20,0,0,,,,,,,,2014,246
2014-09-03,,885419,1048,ShortTE,94,1,0,0,,,,,,,,2014,246
2014-09-03,,885419,1048,BlaKite,88,395,0,0,,,,,,,,2014,246
2014-09-03,,885419,1048,HB,86,1015,0,0,,,,,,,,2014,246
2014-09-03,,885419,1048,Mon,98,23,0,0,,,,,,,,2014,246
2014-09-03,,885419,1048,MonPalHen,1102,106,0,0,,,,,,,,2014,246
2014-09-03,,885419,1048,LevantS,1019,6,0,0,,,,,,,,2014,246
2014-09-03,,885419,1048,StepBuz,102,7,0,0,,,,,,,,2014,246
2014-09-03,,885419,1048,BootedE,592,16,0,0,,,,,,,,2014,246
2014-09-03,,885419,1048,Pal,97,9,0,0,,,,,,,,2014,246
2014-09-03,,885419,1048,CrestedHB,1014,1,0,0,,,,,,,,2014,246
2014-09-03,,885419,1048,BlaStork,31,2,0,0,,,,,,,,2014,246
2014-09-04,,885422,1048,Mon,98,125,0,0,,,,,,,,2014,247
2014-09-04,,885422,1048,BlaStork,31,1,0,0,,,,,,,,2014,247
2014-09-04,,885422,1048,HB,86,1319,0,0,,,,,,,,2014,247
2014-09-04,,885422,1048,BlaKite,88,1182,0,0,,,,,,,,2014,247
2014-09-04,,885422,1048,ShortTE,94,4,0,0,,,,,,,,2014,247
2014-09-04,,885422,1048,Mar,95,96,0,0,,,,,,,,2014,247
2014-09-04,,885422,1048,Pal,97,5,0,0,,,,,,,,2014,247
2014-09-04,,885422,1048,LevantS,1019,136,0,0,,,,,,,,2014,247
2014-09-04,,885422,1048,MonPalHen,1102,458,0,0,,,,,,,,2014,247
2014-09-04,,885422,1048,StepBuz,102,2,0,0,,,,,,,,2014,247
2014-09-04,,885422,1048,SteppeE,588,1,0,0,,,,,,,,2014,247
2014-09-04,,885422,1048,"Eagle sp.",591,1,0,0,,,,,,,,2014,247
2014-09-04,,885422,1048,BootedE,592,15,0,0,,,,,,,,2014,247
2014-09-04,,885422,1048,"raptor sp.",997,3,0,0,,,,,,,,2014,247
2014-09-04,,885422,1048,SakerF,599,1,0,0,,,,,,,,2014,247
2014-09-06,,885424,1048,HB,86,1376,0,0,,,,,,,,2014,249
2014-09-06,,885424,1048,BlaKite,88,1808,0,0,,,,,,,,2014,249
2014-09-06,,885424,1048,BootedE,592,31,0,0,,,,,,,,2014,249
2014-09-06,,885424,1048,Osprey,109,1,0,0,,,,,,,,2014,249
2014-09-06,,885424,1048,"raptor sp.",997,1952,0,0,,,,,,,,2014,249
2014-09-06,,885424,1048,LevantS,1019,25,0,0,,,,,,,,2014,249
2014-09-06,,885424,1048,Roller,255,1,0,0,,,,,,,,2014,249
2014-09-06,,885424,1048,ShortTE,94,1,0,0,,,,,,,,2014,249
2014-09-06,,885424,1048,Mar,95,158,0,0,,,,,,,,2014,249
2014-09-06,,885424,1048,Pal,97,10,0,0,,,,,,,,2014,249
2014-09-06,,885424,1048,Mon,98,70,0,0,,,,,,,,2014,249
2014-09-06,,885424,1048,MonPalHen,1102,208,0,0,,,,,,,,2014,249
2014-09-06,,885424,1048,"harrier sp",584,1,0,0,,,,,,,,2014,249
2014-09-06,,885424,1048,LesserSE,105,5,0,0,,,,,,,,2014,249
2014-09-06,,885424,1048,CrestedHB,1014,1,0,0,,,,,,,,2014,249
2014-09-06,,885424,1048,StepBuz,102,3,0,0,,,,,,,,2014,249
2014-09-06,,885424,1048,BlaStork,31,2,0,0,,,,,,,,2014,249
2014-09-07,,885425,1048,"harrier sp",584,1,0,0,,,,,,,,2014,250
2014-09-07,,885425,1048,Mon,98,44,0,0,,,,,,,,2014,250
2014-09-07,,885425,1048,Pal,97,21,0,0,,,,,,,,2014,250
2014-09-07,,885425,1048,Mar,95,190,0,0,,,,,,,,2014,250
2014-09-07,,885425,1048,ShortTE,94,10,0,0,,,,,,,,2014,250
2014-09-07,,885425,1048,BlaKite,88,1721,0,0,,,,,,,,2014,250
2014-09-07,,885425,1048,HB,86,2277,0,0,,,,,,,,2014,250
2014-09-07,,885425,1048,BlaStork,31,6,0,0,,,,,,,,2014,250
2014-09-07,,885425,1048,StepBuz,102,949,0,0,,,,,,,,2014,250
2014-09-07,,885425,1048,LesserSE,105,7,0,0,,,,,,,,2014,250
2014-09-07,,885425,1048,"Eagle sp.",591,1,0,0,,,,,,,,2014,250
2014-09-07,,885425,1048,BootedE,592,31,0,0,,,,,,,,2014,250
2014-09-07,,885425,1048,"raptor sp.",997,319,0,0,,,,,,,,2014,250
2014-09-07,,885425,1048,Roller,255,49,0,0,,,,,,,,2014,250
2014-09-07,,885425,1048,LevantS,1019,1527,0,0,,,,,,,,2014,250
2014-09-07,,885425,1048,MonPalHen,1102,188,0,0,,,,,,,,2014,250
2014-09-09,,885426,1048,Pal,97,5,0,0,,,,,,,,2014,252
2014-09-09,,885426,1048,HB,86,3974,0,0,,,,,,,,2014,252
2014-09-09,,885426,1048,BlaKite,88,6406,0,0,,,,,,,,2014,252
2014-09-09,,885426,1048,EgyptianV,578,1,0,0,,,,,,,,2014,252
2014-09-09,,885426,1048,ShortTE,94,3,0,0,,,,,,,,2014,252
2014-09-09,,885426,1048,Mar,95,94,0,0,,,,,,,,2014,252
2014-09-09,,885426,1048,Mon,98,8,0,0,,,,,,,,2014,252
2014-09-09,,885426,1048,MonPalHen,1102,17,0,0,,,,,,,,2014,252
2014-09-09,,885426,1048,LevantS,1019,78,0,0,,,,,,,,2014,252
2014-09-09,,885426,1048,StepBuz,102,239,0,0,,,,,,,,2014,252
2014-09-09,,885426,1048,LesserSE,105,2,0,0,,,,,,,,2014,252
2014-09-09,,885426,1048,"Eagle sp.",591,1,0,0,,,,,,,,2014,252
2014-09-09,,885426,1048,BootedE,592,24,0,0,,,,,,,,2014,252
2014-09-09,,885426,1048,Osprey,109,3,0,0,,,,,,,,2014,252
2014-09-09,,885426,1048,"raptor sp.",997,925,0,0,,,,,,,,2014,252
2014-09-10,,885427,1048,BlaStork,31,1,0,0,,,,,,,,2014,253
2014-09-10,,885427,1048,HB,86,3923,0,0,,,,,,,,2014,253
2014-09-10,,885427,1048,Osprey,109,1,0,0,,,,,,,,2014,253
2014-09-10,,885427,1048,BootedE,592,23,0,0,,,,,,,,2014,253
2014-09-10,,885427,1048,LesserSE,105,4,0,0,,,,,,,,2014,253
2014-09-10,,885427,1048,StepBuz,102,873,0,0,,,,,,,,2014,253
2014-09-10,,885427,1048,LevantS,1019,166,0,0,,,,,,,,2014,253
2014-09-10,,885427,1048,MonPalHen,1102,58,0,0,,,,,,,,2014,253
2014-09-10,,885427,1048,Mon,98,44,0,0,,,,,,,,2014,253
2014-09-10,,885427,1048,Pal,97,10,0,0,,,,,,,,2014,253
2014-09-10,,885427,1048,Mar,95,240,0,0,,,,,,,,2014,253
2014-09-10,,885427,1048,BlaKite,88,1384,0,0,,,,,,,,2014,253
2014-09-10,,885427,1048,"raptor sp.",997,1,0,0,,,,,,,,2014,253
2014-09-10,,885427,1048,Peregrine,115,1,0,0,,,,,,,,2014,253
2014-09-10,,885427,1048,CrestedHB,1014,1,0,0,,,,,,,,2014,253
2014-09-10,,885427,1048,ShortTE,94,6,0,0,,,,,,,,2014,253
2014-09-11,,885428,1048,"Eagle sp.",591,2,0,0,,,,,,,,2014,254
2014-09-11,,885428,1048,LesserSE,105,8,0,0,,,,,,,,2014,254
2014-09-11,,885428,1048,GreaterSE,106,1,0,0,,,,,,,,2014,254
2014-09-11,,885428,1048,StepBuz,102,993,0,0,,,,,,,,2014,254
2014-09-11,,885428,1048,LevantS,1019,148,0,0,,,,,,,,2014,254
2014-09-11,,885428,1048,MonPalHen,1102,110,0,0,,,,,,,,2014,254
2014-09-11,,885428,1048,Mon,98,35,0,0,,,,,,,,2014,254
2014-09-11,,885428,1048,BlaKite,88,3571,0,0,,,,,,,,2014,254
2014-09-11,,885428,1048,EgyptianV,578,1,0,0,,,,,,,,2014,254
2014-09-11,,885428,1048,ShortTE,94,7,0,0,,,,,,,,2014,254
2014-09-11,,885428,1048,Mar,95,193,0,0,,,,,,,,2014,254
2014-09-11,,885428,1048,Pal,97,14,0,0,,,,,,,,2014,254
2014-09-11,,885428,1048,CrestedHB,1014,1,0,0,,,,,,,,2014,254
2014-09-11,,885428,1048,"raptor sp.",997,1532,0,0,,,,,,,,2014,254
2014-09-11,,885428,1048,BlaStork,31,12,0,0,,,,,,,,2014,254
2014-09-11,,885428,1048,HB,86,4386,0,0,,,,,,,,2014,254
2014-09-11,,885428,1048,Osprey,109,1,0,0,,,,,,,,2014,254
2014-09-11,,885428,1048,BootedE,592,78,0,0,,,,,,,,2014,254
2014-09-12,,885429,1048,WhiStork,32,51,0,0,,,,,,,,2014,255
2014-09-12,,885429,1048,"raptor sp.",997,9,0,0,,,,,,,,2014,255
2014-09-12,,885429,1048,BootedE,592,6,0,0,,,,,,,,2014,255
2014-09-12,,885429,1048,StepBuz,102,57,0,0,,,,,,,,2014,255
2014-09-12,,885429,1048,MonPalHen,1102,21,0,0,,,,,,,,2014,255
2014-09-12,,885429,1048,Mon,98,6,0,0,,,,,,,,2014,255
2014-09-12,,885429,1048,Pal,97,2,0,0,,,,,,,,2014,255
2014-09-12,,885429,1048,Mar,95,67,0,0,,,,,,,,2014,255
2014-09-12,,885429,1048,ShortTE,94,1,0,0,,,,,,,,2014,255
2014-09-12,,885429,1048,BlaKite,88,43,0,0,,,,,,,,2014,255
2014-09-12,,885429,1048,HB,86,562,0,0,,,,,,,,2014,255
2014-09-13,,885430,1048,Peregrine,115,1,0,0,,,,,,,,2014,256
2014-09-13,,885430,1048,Osprey,109,1,0,0,,,,,,,,2014,256
2014-09-13,,885430,1048,BootedE,592,53,0,0,,,,,,,,2014,256
2014-09-13,,885430,1048,"Eagle sp.",591,32,0,0,,,,,,,,2014,256
2014-09-13,,885430,1048,LesserSE,105,28,0,0,,,,,,,,2014,256
2014-09-13,,885430,1048,StepBuz,102,12846,0,0,,,,,,,,2014,256
2014-09-13,,885430,1048,LevantS,1019,469,0,0,,,,,,,,2014,256
2014-09-13,,885430,1048,"harrier sp",584,6,0,0,,,,,,,,2014,256
2014-09-13,,885430,1048,MonPalHen,1102,173,0,0,,,,,,,,2014,256
2014-09-13,,885430,1048,Mon,98,21,0,0,,,,,,,,2014,256
2014-09-13,,885430,1048,Pal,97,30,0,0,,,,,,,,2014,256
2014-09-13,,885430,1048,Mar,95,259,0,0,,,,,,,,2014,256
2014-09-13,,885430,1048,ShortTE,94,11,0,0,,,,,,,,2014,256
2014-09-13,,885430,1048,EgyptianV,578,5,0,0,,,,,,,,2014,256
2014-09-13,,885430,1048,BlaKite,88,5835,0,0,,,,,,,,2014,256
2014-09-13,,885430,1048,HB,86,3449,0,0,,,,,,,,2014,256
2014-09-13,,885430,1048,WhiStork,32,7,0,0,,,,,,,,2014,256
2014-09-13,,885430,1048,BlaStork,31,46,0,0,,,,,,,,2014,256
2014-09-13,,885430,1048,"raptor sp.",997,4619,0,0,,,,,,,,2014,256
2014-09-13,,885430,1048,CrestedHB,1014,1,0,0,,,,,,,,2014,256
2014-09-14,,885431,1048,WhiStork,32,5,0,0,,,,,,,,2014,257
2014-09-14,,885431,1048,"raptor sp.",997,4111,0,0,,,,,,,,2014,257
2014-09-14,,885431,1048,Osprey,109,1,0,0,,,,,,,,2014,257
2014-09-14,,885431,1048,BootedE,592,131,0,0,,,,,,,,2014,257
2014-09-14,,885431,1048,"Eagle sp.",591,16,0,0,,,,,,,,2014,257
2014-09-14,,885431,1048,SteppeE,588,2,0,0,,,,,,,,2014,257
2014-09-14,,885431,1048,LesserSE,105,99,0,0,,,,,,,,2014,257
2014-09-14,,885431,1048,StepBuz,102,9918,0,0,,,,,,,,2014,257
2014-09-14,,885431,1048,LevantS,1019,519,0,0,,,,,,,,2014,257
2014-09-14,,885431,1048,MonPalHen,1102,50,0,0,,,,,,,,2014,257
2014-09-14,,885431,1048,Mon,98,2,0,0,,,,,,,,2014,257
2014-09-14,,885431,1048,Pal,97,9,0,0,,,,,,,,2014,257
2014-09-14,,885431,1048,Mar,95,117,0,0,,,,,,,,2014,257
2014-09-14,,885431,1048,ShortTE,94,25,0,0,,,,,,,,2014,257
2014-09-14,,885431,1048,EgyptianV,578,1,0,0,,,,,,,,2014,257
2014-09-14,,885431,1048,BlaKite,88,2266,0,0,,,,,,,,2014,257
2014-09-14,,885431,1048,HB,86,1075,0,0,,,,,,,,2014,257
2014-09-14,,885431,1048,BlaStork,31,56,0,0,,,,,,,,2014,257
2014-09-17,,885432,1048,ShortTE,94,42,0,0,,,,,,,,2014,260
2014-09-17,,885432,1048,BlaKite,88,3081,0,0,,,,,,,,2014,260
2014-09-17,,885432,1048,HB,86,778,0,0,,,,,,,,2014,260
2014-09-17,,885432,1048,BlaStork,31,21,0,0,,,,,,,,2014,260
2014-09-17,,885432,1048,"raptor sp.",997,126,0,0,,,,,,,,2014,260
2014-09-17,,885432,1048,CrestedHB,1014,3,0,0,,,,,,,,2014,260
2014-09-17,,885432,1048,Pal,97,17,0,0,,,,,,,,2014,260
2014-09-17,,885432,1048,Mon,98,7,0,0,,,,,,,,2014,260
2014-09-17,,885432,1048,MonPalHen,1102,62,0,0,,,,,,,,2014,260
2014-09-17,,885432,1048,LevantS,1019,504,0,0,,,,,,,,2014,260
2014-09-17,,885432,1048,StepBuz,102,14844,0,0,,,,,,,,2014,260
2014-09-17,,885432,1048,LesserSE,105,77,0,0,,,,,,,,2014,260
2014-09-17,,885432,1048,SteppeE,588,5,0,0,,,,,,,,2014,260
2014-09-17,,885432,1048,"Eagle sp.",591,116,0,0,,,,,,,,2014,260
2014-09-17,,885432,1048,BootedE,592,221,0,0,,,,,,,,2014,260
2014-09-17,,885432,1048,Peregrine,115,1,0,0,,,,,,,,2014,260
2014-09-17,,885432,1048,Mar,95,208,0,0,,,,,,,,2014,260
2014-09-22,,885434,1048,LesserSE,105,46,0,0,,,,,,,,2014,265
2014-09-22,,885434,1048,LevantS,1019,454,0,0,,,,,,,,2014,265
2014-09-22,,885434,1048,MonPalHen,1102,44,0,0,,,,,,,,2014,265
2014-09-22,,885434,1048,Pal,97,18,0,0,,,,,,,,2014,265
2014-09-22,,885434,1048,ShortTE,94,14,0,0,,,,,,,,2014,265
2014-09-22,,885434,1048,Mar,95,90,0,0,,,,,,,,2014,265
2014-09-22,,885434,1048,CrestedHB,1014,2,0,0,,,,,,,,2014,265
2014-09-22,,885434,1048,BlaStork,31,17,0,0,,,,,,,,2014,265
2014-09-22,,885434,1048,HB,86,407,0,0,,,,,,,,2014,265
2014-09-22,,885434,1048,BlaKite,88,943,0,0,,,,,,,,2014,265
2014-09-22,,885434,1048,"raptor sp.",997,3626,0,0,,,,,,,,2014,265
2014-09-22,,885434,1048,Osprey,109,1,0,0,,,,,,,,2014,265
2014-09-22,,885434,1048,BootedE,592,51,0,0,,,,,,,,2014,265
2014-09-22,,885434,1048,"Eagle sp.",591,109,0,0,,,,,,,,2014,265
2014-09-22,,885434,1048,SteppeE,588,3,0,0,,,,,,,,2014,265
2014-09-22,,885434,1048,StepBuz,102,33318,0,0,,,,,,,,2014,265
2014-09-23,,885436,1048,LevantS,1019,42,0,0,,,,,,,,2014,266
2014-09-23,,885436,1048,BlaStork,31,72,0,0,,,,,,,,2014,266
2014-09-23,,885436,1048,HB,86,134,0,0,,,,,,,,2014,266
2014-09-23,,885436,1048,BlaKite,88,3442,0,0,,,,,,,,2014,266
2014-09-23,,885436,1048,EgyptianV,578,2,0,0,,,,,,,,2014,266
2014-09-23,,885436,1048,ShortTE,94,7,0,0,,,,,,,,2014,266
2014-09-23,,885436,1048,Mar,95,50,0,0,,,,,,,,2014,266
2014-09-23,,885436,1048,Pal,97,12,0,0,,,,,,,,2014,266
2014-09-23,,885436,1048,Mon,98,1,0,0,,,,,,,,2014,266
2014-09-23,,885436,1048,MonPalHen,1102,9,0,0,,,,,,,,2014,266
2014-09-23,,885436,1048,StepBuz,102,597,0,0,,,,,,,,2014,266
2014-09-23,,885436,1048,LesserSE,105,34,0,0,,,,,,,,2014,266
2014-09-23,,885436,1048,GreaterSE,106,1,0,0,,,,,,,,2014,266
2014-09-23,,885436,1048,SteppeE,588,2,0,0,,,,,,,,2014,266
2014-09-23,,885436,1048,ImperialE,589,1,0,0,J,,,,,,,2014,266
2014-09-23,,885436,1048,"Eagle sp.",591,8,0,0,,,,,,,,2014,266
2014-09-23,,885436,1048,BootedE,592,128,0,0,,,,,,,,2014,266
2014-09-23,,885436,1048,"raptor sp.",997,1953,0,0,,,,,,,,2014,266
2014-09-23,,885436,1048,CrestedHB,1014,1,0,0,,,,,,,,2014,266
2014-08-22,,885443,1047,Roller,255,1,0,0,,,,,,,,2014,234
2014-08-22,,885443,1047,Osprey,109,1,0,0,,,,,,,,2014,234
2014-08-22,,885443,1047,BootedE,592,18,0,0,,,,,,,,2014,234
2014-08-22,,885443,1047,StepBuz,102,2,0,0,,,,,,,,2014,234
2014-08-22,,885443,1047,MonPalHen,1102,41,0,0,,,,,,,,2014,234
2014-08-22,,885443,1047,Mon,98,28,0,0,,,,,,,,2014,234
2014-08-22,,885443,1047,Mar,95,25,0,0,,,,,,,,2014,234
2014-08-22,,885443,1047,ShortTE,94,1,0,0,,,,,,,,2014,234
2014-08-22,,885443,1047,BlaKite,88,16,0,0,,,,,,,,2014,234
2014-08-22,,885443,1047,HB,86,16063,0,0,,,,,,,,2014,234
2014-08-22,,885443,1047,WhiStork,32,235,0,0,,,,,,,,2014,234
2014-08-22,,885443,1047,BlaStork,31,1,0,0,,,,,,,,2014,234
2014-10-05,,889617,1047,HB,86,2,0,0,,,,,,,,2014,278
2014-10-05,,889617,1047,WoodP,233,22,0,0,,,,,,,,2014,278
2014-10-05,,889617,1047,BlaKite,88,1,0,0,,,,,,,,2014,278
2014-10-05,,889617,1047,ShortTE,94,1,0,0,,,,,,,,2014,278
2014-10-05,,889617,1047,Mar,95,1,0,0,,,,,,,,2014,278
2014-10-05,,889617,1047,Pal,97,3,0,0,,,,,,,,2014,278
2014-10-05,,889617,1047,StepBuz,102,78,0,0,,,,,,,,2014,278
2014-10-05,,889617,1047,LesserSE,105,4,0,0,,,,,,,,2014,278
2014-10-05,,889617,1047,GreaterSE,106,1,0,0,J,,,fulvescens,,,,2014,278
2014-10-05,,889617,1047,GreaterSE,106,1,0,0,,,,,,,,2014,278
2014-10-05,,889617,1047,SteppeE,588,1,0,0,,,,,,,,2014,278
2014-10-05,,889617,1047,BootedE,592,3,0,0,,,,,,,,2014,278
2014-10-05,,889617,1047,"raptor sp.",997,177,0,0,,,,,,,,2014,278
2014-10-01,,889699,1048,RedFF,111,20,0,0,,,,,,,,2014,274
2014-10-01,,889699,1048,BlaStork,31,20,0,0,,,,,,,,2014,274
2014-10-01,,889699,1048,HB,86,10,0,0,,,,,,,,2014,274
2014-10-01,,889699,1048,BlaKite,88,487,0,0,,,,,,,,2014,274
2014-10-01,,889699,1048,ShortTE,94,1,0,0,,,,,,,,2014,274
2014-10-01,,889699,1048,Mar,95,117,0,0,,,,,,,,2014,274
2014-10-01,,889699,1048,Pal,97,37,0,0,,,,,,,,2014,274
2014-10-01,,889699,1048,Mon,98,2,0,0,,,,,,,,2014,274
2014-10-01,,889699,1048,MonPalHen,1102,23,0,0,,,,,,,,2014,274
2014-10-01,,889699,1048,StepBuz,102,20485,0,0,,,,,,,,2014,274
2014-10-01,,889699,1048,LesserSE,105,11,0,0,,,,,,,,2014,274
2014-10-01,,889699,1048,SteppeE,588,2,0,0,,,,,,,,2014,274
2014-10-01,,889699,1048,"Eagle sp.",591,9,0,0,,,,,,,,2014,274
2014-10-01,,889699,1048,BootedE,592,6,0,0,,,,,,,,2014,274
2014-10-01,,889699,1048,Osprey,109,1,0,0,,,,,,,,2014,274
2014-10-01,,889699,1048,"raptor sp.",997,12,0,0,,,,,,,,2014,274
2014-10-01,,889699,1048,TurtleDove,235,10,0,0,,,,,,,,2014,274
2014-10-01,,889699,1048,WoodP,233,2,0,0,,,,,,,,2014,274
2014-10-01,,889699,1048,StockD,232,20,0,0,,,,,,,,2014,274
2014-10-01,,889699,1048,GoldenE,107,1,0,0,,,,,,,,2014,274
2014-10-01,,889700,1047,StockD,232,32,0,0,,,,,,,,2014,274
2014-10-01,,889700,1047,Pal,97,36,0,0,,,,,,,,2014,274
2014-10-01,,889700,1047,Mar,95,110,0,0,,,,,,,,2014,274
2014-10-01,,889700,1047,BlaKite,88,143,0,0,,,,,,,,2014,274
2014-10-01,,889700,1047,HB,86,6,0,0,,,,,,,,2014,274
2014-10-01,,889700,1047,TurtleDove,235,102,0,0,,,,,,,,2014,274
2014-10-01,,889700,1047,Osprey,109,3,0,0,,,,,,,,2014,274
2014-10-01,,889700,1047,Roller,255,3,0,0,,,,,,,,2014,274
2014-10-01,,889700,1047,"raptor sp.",997,1,0,0,,,,,,,,2014,274
2014-10-01,,889700,1047,RedFF,111,43,0,0,,,,,,,,2014,274
2014-10-01,,889700,1047,StepBuz,102,1769,0,0,,,,,,,,2014,274
2014-10-01,,889700,1047,MonPalHen,1102,30,0,0,,,,,,,,2014,274
2014-10-01,,889700,1047,Mon,98,1,0,0,,,,,,,,2014,274
2014-10-02,,889701,1047,StockD,232,9,0,0,,,,,,,,2014,275
2014-10-02,,889701,1047,BlaStork,31,53,0,0,,,,,,,,2014,275
2014-10-02,,889701,1047,HB,86,25,0,0,,,,,,,,2014,275
2014-10-02,,889701,1047,BlaKite,88,4791,0,0,,,,,,,,2014,275
2014-10-02,,889701,1047,ShortTE,94,378,0,0,,,,,,,,2014,275
2014-10-02,,889701,1047,Mar,95,790,0,0,,,,,,,,2014,275
2014-10-02,,889701,1047,Pal,97,48,0,0,,,,,,,,2014,275
2014-10-02,,889701,1047,Mon,98,3,0,0,,,,,,,,2014,275
2014-10-02,,889701,1047,MonPalHen,1102,56,0,0,,,,,,,,2014,275
2014-10-02,,889701,1047,StepBuz,102,93467,0,0,,,,,,,,2014,275
2014-10-02,,889701,1047,LesserSE,105,534,0,0,,,,,,,,2014,275
2014-10-02,,889701,1047,GreaterSE,106,18,0,0,,,,,,,,2014,275
2014-10-02,,889701,1047,SteppeE,588,52,0,0,,,,,,,,2014,275
2014-10-02,,889701,1047,ImperialE,589,5,0,0,,,,,,,,2014,275
2014-10-02,,889701,1047,"Eagle sp.",591,4823,0,0,,,,,,,,2014,275
2014-10-02,,889701,1047,BootedE,592,73,0,0,,,,,,,,2014,275
2014-10-02,,889701,1047,Osprey,109,1,0,0,,,,,,,,2014,275
2014-10-02,,889701,1047,"raptor sp.",997,448,0,0,,,,,,,,2014,275
2014-10-02,,889701,1047,Crane,129,26,0,0,,,,,,,,2014,275
2014-10-02,,889701,1047,Roller,255,3,0,0,,,,,,,,2014,275
2014-10-02,,889701,1047,GriffonV,92,1,0,0,,,,,,,,2014,275
2014-10-02,,889701,1047,TurtleDove,235,13,0,0,,,,,,,,2014,275
2014-10-02,,889702,1048,StockD,232,17,0,0,,,,,,,,2014,275
2014-10-02,,889702,1048,TurtleDove,235,5,0,0,,,,,,,,2014,275
2014-10-02,,889702,1048,WoodP,233,14,0,0,,,,,,,,2014,275
2014-10-02,,889702,1048,HB,86,50,0,0,,,,,,,,2014,275
2014-10-02,,889702,1048,BlaStork,31,189,0,0,,,,,,,,2014,275
2014-10-02,,889702,1048,SteppeE,588,6,0,0,,,,,,,,2014,275
2014-10-02,,889702,1048,"Eagle sp.",591,590,0,0,,,,,,,,2014,275
2014-10-02,,889702,1048,Crane,129,13,0,0,,,,,,,,2014,275
2014-10-02,,889702,1048,"raptor sp.",997,1,0,0,,,,,,,,2014,275
2014-10-02,,889702,1048,Peregrine,115,1,0,0,,,,,,,,2014,275
2014-10-02,,889702,1048,BootedE,592,11,0,0,,,,,,,,2014,275
2014-10-02,,889702,1048,BlaKite,88,1416,0,0,,,,,,,,2014,275
2014-10-02,,889702,1048,ShortTE,94,132,0,0,,,,,,,,2014,275
2014-10-02,,889702,1048,Mar,95,246,0,0,,,,,,,,2014,275
2014-10-02,,889702,1048,Pal,97,13,0,0,,,,,,,,2014,275
2014-10-02,,889702,1048,MonPalHen,1102,31,0,0,,,,,,,,2014,275
2014-10-02,,889702,1048,GreaterSE,106,29,0,0,,,,,,,,2014,275
2014-10-02,,889702,1048,LesserSE,105,183,0,0,,,,,,,,2014,275
2014-10-02,,889702,1048,LevantS,1019,25,0,0,,,,,,,,2014,275
2014-10-02,,889702,1048,StepBuz,102,178116,0,0,,,,,,,,2014,275
2014-10-02,,889702,1048,ImperialE,589,3,0,0,,,,,,,,2014,275
2014-10-03,,889703,1047,LevantS,1019,34,0,0,,,,,,,,2014,276
2014-10-03,,889703,1047,HB,86,7,0,0,,,,,,,,2014,276
2014-10-03,,889703,1047,BlaKite,88,265,0,0,,,,,,,,2014,276
2014-10-03,,889703,1047,ShortTE,94,8,0,0,,,,,,,,2014,276
2014-10-03,,889703,1047,Mar,95,135,0,0,,,,,,,,2014,276
2014-10-03,,889703,1047,Pal,97,9,0,0,,,,,,,,2014,276
2014-10-03,,889703,1047,MonPalHen,1102,9,0,0,,,,,,,,2014,276
2014-10-03,,889703,1047,StepBuz,102,686,0,0,,,,,,,,2014,276
2014-10-03,,889703,1047,LesserSE,105,31,0,0,,,,,,,,2014,276
2014-10-03,,889703,1047,GreaterSE,106,3,0,0,,,,,,,,2014,276
2014-10-03,,889703,1047,SteppeE,588,1,0,0,,,,,,,,2014,276
2014-10-03,,889703,1047,"Eagle sp.",591,54,0,0,,,,,,,,2014,276
2014-10-03,,889703,1047,BootedE,592,58,0,0,,,,,,,,2014,276
2014-10-03,,889703,1047,"raptor sp.",997,288,0,0,,,,,,,,2014,276
2014-10-03,,889703,1047,Crane,129,7,0,0,,,,,,,,2014,276
2014-10-03,,889703,1047,StockD,232,70,0,0,,,,,,,,2014,276
2014-10-03,,889703,1047,TurtleDove,235,23,0,0,,,,,,,,2014,276
2014-10-03,,889704,1048,StockD,232,36,0,0,,,,,,,,2014,276
2014-10-03,,889704,1048,WoodP,233,12,0,0,,,,,,,,2014,276
2014-10-03,,889704,1048,BootedE,592,38,0,0,,,,,,,,2014,276
2014-10-03,,889704,1048,SteppeE,588,6,0,0,,,,,,,,2014,276
2014-10-03,,889704,1048,GreaterSE,106,2,0,0,,,,,,,,2014,276
2014-10-03,,889704,1048,LesserSE,105,100,0,0,,,,,,,,2014,276
2014-10-03,,889704,1048,StepBuz,102,2154,0,0,,,,,,,,2014,276
2014-10-03,,889704,1048,LevantS,1019,5,0,0,,,,,,,,2014,276
2014-10-03,,889704,1048,MonPalHen,1102,3,0,0,,,,,,,,2014,276
2014-10-03,,889704,1048,Pal,97,6,0,0,,,,,,,,2014,276
2014-10-03,,889704,1048,Mar,95,66,0,0,,,,,,,,2014,276
2014-10-03,,889704,1048,ShortTE,94,29,0,0,,,,,,,,2014,276
2014-10-03,,889704,1048,BlaKite,88,177,0,0,,,,,,,,2014,276
2014-10-03,,889704,1048,HB,86,19,0,0,,,,,,,,2014,276
2014-10-03,,889704,1048,BlaStork,31,113,0,0,,,,,,,,2014,276
2014-10-03,,889704,1048,"Eagle sp.",591,54,0,0,,,,,,,,2014,276
2014-10-03,,889704,1048,ImperialE,589,1,0,0,,,,,,,,2014,276
2014-10-03,,889704,1048,Osprey,109,1,0,0,,,,,,,,2014,276
2014-10-03,,889704,1048,Peregrine,115,1,0,0,,,,,,,,2014,276
2014-10-03,,889704,1048,CommonB,101,1,0,0,,,,,,,,2014,276
2014-10-04,,889706,1048,BlaStork,31,55,0,0,,,,,,,,2014,277
2014-10-04,,889706,1048,GriffonV,92,2,0,0,,,,,,,,2014,277
2014-10-04,,889706,1048,"Eagle sp.",591,99,0,0,,,,,,,,2014,277
2014-10-04,,889706,1048,BootedE,592,20,0,0,,,,,,,,2014,277
2014-10-04,,889706,1048,ImperialE,589,3,0,0,,,,,,,,2014,277
2014-10-04,,889706,1048,SteppeE,588,10,0,0,,,,,,,,2014,277
2014-10-04,,889706,1048,GreaterSE,106,1,0,0,J,,,Fulvescens,,,,2014,277
2014-10-04,,889706,1048,GreaterSE,106,4,0,0,,,,,,,,2014,277
2014-10-04,,889706,1048,LesserSE,105,67,0,0,,,,,,,,2014,277
2014-10-04,,889706,1048,StepBuz,102,18271,0,0,,,,,,,,2014,277
2014-10-04,,889706,1048,LevantS,1019,48,0,0,,,,,,,,2014,277
2014-10-04,,889706,1048,MonPalHen,1102,4,0,0,,,,,,,,2014,277
2014-10-04,,889706,1048,Mar,95,13,0,0,,,,,,,,2014,277
2014-10-04,,889706,1048,ShortTE,94,87,0,0,,,,,,,,2014,277
2014-10-04,,889706,1048,BlaKite,88,1013,0,0,,,,,,,,2014,277
2014-10-04,,889706,1048,HB,86,7,0,0,,,,,,,,2014,277
2014-10-04,,889706,1048,WoodP,233,37,0,0,,,,,,,,2014,277
2014-10-04,,889706,1048,StockD,232,24,0,0,,,,,,,,2014,277
2014-10-04,,889707,1047,StockD,232,88,0,0,,,,,,,,2014,277
2014-10-04,,889707,1047,Peregrine,115,1,0,0,,,,,,,,2014,277
2014-10-04,,889707,1047,WoodP,233,5,0,0,,,,,,,,2014,277
2014-10-04,,889707,1047,TurtleDove,235,2,0,0,,,,,,,,2014,277
2014-10-04,,889707,1047,Crane,129,16,0,0,,,,,,,,2014,277
2014-10-04,,889707,1047,GriffonV,92,1,0,0,,,,,,,,2014,277
2014-10-04,,889707,1047,Osprey,109,2,0,0,,,,,,,,2014,277
2014-10-04,,889707,1047,BootedE,592,21,0,0,,,,,,,,2014,277
2014-10-04,,889707,1047,"Eagle sp.",591,64,0,0,,,,,,,,2014,277
2014-10-04,,889707,1047,ImperialE,589,5,0,0,,,,,,,,2014,277
2014-10-04,,889707,1047,SteppeE,588,19,0,0,,,,,,,,2014,277
2014-10-04,,889707,1047,GreaterSE,106,1,0,0,J,,,Fulvescens,,,,2014,277
2014-10-04,,889707,1047,GreaterSE,106,22,0,0,,,,,,,,2014,277
2014-10-04,,889707,1047,LesserSE,105,210,0,0,,,,,,,,2014,277
2014-10-04,,889707,1047,StepBuz,102,3190,0,0,,,,,,,,2014,277
2014-10-04,,889707,1047,MonPalHen,1102,2,0,0,,,,,,,,2014,277
2014-10-04,,889707,1047,Hen,96,3,0,0,,,,,,,,2014,277
2014-10-04,,889707,1047,Mar,95,83,0,0,,,,,,,,2014,277
2014-10-04,,889707,1047,ShortTE,94,91,0,0,,,,,,,,2014,277
2014-10-04,,889707,1047,BlaKite,88,943,0,0,,,,,,,,2014,277
2014-10-04,,889707,1047,HB,86,11,0,0,,,,,,,,2014,277
2014-09-30,,889708,1047,HB,86,11,0,0,,,,,,,,2014,273
2014-09-30,,889708,1047,Roller,255,7,0,0,,,,,,,,2014,273
2014-09-30,,889708,1047,WoodP,233,4,0,0,,,,,,,,2014,273
2014-09-30,,889708,1047,TurtleDove,235,146,0,0,,,,,,,,2014,273
2014-09-30,,889708,1047,StockD,232,37,0,0,,,,,,,,2014,273
2014-09-30,,889708,1047,Osprey,109,8,0,0,,,,,,,,2014,273
2014-09-30,,889708,1047,BootedE,592,1,0,0,,,,,,,,2014,273
2014-09-30,,889708,1047,"Eagle sp.",591,4,0,0,,,,,,,,2014,273
2014-09-30,,889708,1047,LesserSE,105,2,0,0,,,,,,,,2014,273
2014-09-30,,889708,1047,StepBuz,102,13,0,0,,,,,,,,2014,273
2014-09-30,,889708,1047,MonPalHen,1102,10,0,0,,,,,,,,2014,273
2014-09-30,,889708,1047,Pal,97,17,0,0,,,,,,,,2014,273
2014-09-30,,889708,1047,Mar,95,70,0,0,,,,,,,,2014,273
2014-09-30,,889708,1047,ShortTE,94,1,0,0,,,,,,,,2014,273
2014-09-30,,889708,1047,BlaKite,88,33,0,0,,,,,,,,2014,273
2014-09-30,,889708,1047,"raptor sp.",997,2,0,0,,,,,,,,2014,273
2014-09-30,,889708,1047,RedFF,111,62,0,0,,,,,,,,2014,273
2014-09-30,,889709,1048,StockD,232,3,0,0,,,,,,,,2014,273
2014-09-30,,889709,1048,"raptor sp.",997,27,0,0,,,,,,,,2014,273
2014-09-30,,889709,1048,Crane,129,26,0,0,,,,,,,,2014,273
2014-09-30,,889709,1048,CrestedHB,1014,1,0,0,,,,,,,,2014,273
2014-09-30,,889709,1048,RedFF,111,5,0,0,,,,,,,,2014,273
2014-09-30,,889709,1048,Osprey,109,2,0,0,,,,,,,,2014,273
2014-09-30,,889709,1048,BootedE,592,9,0,0,,,,,,,,2014,273
2014-09-30,,889709,1048,"Eagle sp.",591,163,0,0,,,,,,,,2014,273
2014-09-30,,889709,1048,SteppeE,588,1,0,0,,,,,,,,2014,273
2014-09-30,,889709,1048,GreaterSE,106,3,0,0,,,,,,,,2014,273
2014-09-30,,889709,1048,LesserSE,105,6,0,0,,,,,,,,2014,273
2014-09-30,,889709,1048,StepBuz,102,24543,0,0,,,,,,,,2014,273
2014-09-30,,889709,1048,MonPalHen,1102,48,0,0,,,,,,,,2014,273
2014-09-30,,889709,1048,Pal,97,20,0,0,,,,,,,,2014,273
2014-09-30,,889709,1048,Mar,95,35,0,0,,,,,,,,2014,273
2014-09-30,,889709,1048,ShortTE,94,11,0,0,,,,,,,,2014,273
2014-09-30,,889709,1048,BlaKite,88,532,0,0,,,,,,,,2014,273
2014-09-30,,889709,1048,HB,86,30,0,0,,,,,,,,2014,273
2014-09-30,,889709,1048,BlaStork,31,52,0,0,,,,,,,,2014,273
2014-09-30,,889709,1048,TurtleDove,235,36,0,0,,,,,,,,2014,273
2014-09-16,,889710,1047,"raptor sp.",997,1053,0,0,,,,,,,,2014,259
2014-09-16,,889710,1047,Mar,95,531,0,0,,,,,,,,2014,259
2014-09-16,,889710,1047,ShortTE,94,1,0,0,,,,,,,,2014,259
2014-09-16,,889710,1047,Pal,97,55,0,0,,,,,,,,2014,259
2014-09-16,,889710,1047,BlaKite,88,1772,0,0,,,,,,,,2014,259
2014-09-16,,889710,1047,HB,86,141,0,0,,,,,,,,2014,259
2014-09-16,,889710,1047,BlaStork,31,6,0,0,,,,,,,,2014,259
2014-09-16,,889710,1047,TurtleDove,235,59,0,0,,,,,,,,2014,259
2014-09-16,,889710,1047,Sh-earOwl,246,1,0,0,,,,,,,,2014,259
2014-09-16,,889710,1047,Roller,255,28,0,0,,,,,,,,2014,259
2014-09-16,,889710,1047,Peregrine,115,1,0,0,,,,,,,,2014,259
2014-09-16,,889710,1047,Osprey,109,8,0,0,,,,,,,,2014,259
2014-09-16,,889710,1047,BootedE,592,243,0,0,,,,,,,,2014,259
2014-09-16,,889710,1047,LesserSE,105,3,0,0,,,,,,,,2014,259
2014-09-16,,889710,1047,MonPalHen,1102,80,0,0,,,,,,,,2014,259
2014-09-16,,889710,1047,Mon,98,21,0,0,,,,,,,,2014,259
2014-09-13,,889711,1047,Pal,97,52,0,0,,,,,,,,2014,256
2014-09-13,,889711,1047,Mar,95,208,0,0,,,,,,,,2014,256
2014-09-13,,889711,1047,ShortTE,94,8,0,0,,,,,,,,2014,256
2014-09-13,,889711,1047,EgyptianV,578,3,0,0,,,,,,,,2014,256
2014-09-13,,889711,1047,BlaKite,88,10797,0,0,,,,,,,,2014,256
2014-09-13,,889711,1047,HB,86,7594,0,0,,,,,,,,2014,256
2014-09-13,,889711,1047,WhiStork,32,38,0,0,,,,,,,,2014,256
2014-09-13,,889711,1047,BlaStork,31,41,0,0,,,,,,,,2014,256
2014-09-13,,889711,1047,TurtleDove,235,52,0,0,,,,,,,,2014,256
2014-09-13,,889711,1047,StockD,232,4,0,0,,,,,,,,2014,256
2014-09-13,,889711,1047,"harrier sp",584,3,0,0,,,,,,,,2014,256
2014-09-13,,889711,1047,CrestedHB,1014,2,0,0,,,,,,,,2014,256
2014-09-13,,889711,1047,Roller,255,16,0,0,,,,,,,,2014,256
2014-09-13,,889711,1047,"raptor sp.",997,21,0,0,,,,,,,,2014,256
2014-09-13,,889711,1047,Osprey,109,5,0,0,,,,,,,,2014,256
2014-09-13,,889711,1047,BootedE,592,227,0,0,,,,,,,,2014,256
2014-09-13,,889711,1047,"Eagle sp.",591,2,0,0,,,,,,,,2014,256
2014-09-13,,889711,1047,LesserSE,105,14,0,0,,,,,,,,2014,256
2014-09-13,,889711,1047,StepBuz,102,133,0,0,,,,,,,,2014,256
2014-09-13,,889711,1047,LevantS,1019,59,0,0,,,,,,,,2014,256
2014-09-13,,889711,1047,MonPalHen,1102,116,0,0,,,,,,,,2014,256
2014-09-13,,889711,1047,Mon,98,36,0,0,,,,,,,,2014,256
2014-09-12,,889712,1047,Mon,98,12,0,0,,,,,,,,2014,255
2014-09-12,,889712,1047,MonPalHen,1102,9,0,0,,,,,,,,2014,255
2014-09-12,,889712,1047,TurtleDove,235,340,0,0,,,,,,,,2014,255
2014-09-12,,889712,1047,Roller,255,22,0,0,,,,,,,,2014,255
2014-09-12,,889712,1047,BootedE,592,4,0,0,,,,,,,,2014,255
2014-09-12,,889712,1047,LevantS,1019,5,0,0,,,,,,,,2014,255
2014-09-12,,889712,1047,HB,86,66,0,0,,,,,,,,2014,255
2014-09-12,,889712,1047,BlaKite,88,50,0,0,,,,,,,,2014,255
2014-09-12,,889712,1047,Mar,95,65,0,0,,,,,,,,2014,255
2014-09-12,,889712,1047,Pal,97,3,0,0,,,,,,,,2014,255
2014-09-19,,889718,1047,BlaKite,88,241,0,0,,,,,,,,2014,262
2014-09-19,,889718,1047,BootedE,592,94,0,0,,,,,,,,2014,262
2014-09-19,,889718,1047,Osprey,109,1,0,0,,,,,,,,2014,262
2014-09-19,,889718,1047,Roller,255,3,0,0,,,,,,,,2014,262
2014-09-19,,889718,1047,CrestedHB,1014,1,0,0,,,,,,,,2014,262
2014-09-19,,889718,1047,ImperialE,589,1,0,0,,,,,,,,2014,262
2014-09-19,,889718,1047,LesserSE,105,16,0,0,,,,,,,,2014,262
2014-09-19,,889718,1047,StepBuz,102,3890,0,0,,,,,,,,2014,262
2014-09-19,,889718,1047,MonPalHen,1102,16,0,0,,,,,,,,2014,262
2014-09-19,,889718,1047,Mon,98,1,0,0,,,,,,,,2014,262
2014-09-19,,889718,1047,Pal,97,13,0,0,,,,,,,,2014,262
2014-09-19,,889718,1047,Mar,95,88,0,0,,,,,,,,2014,262
2014-09-19,,889718,1047,ShortTE,94,2,0,0,,,,,,,,2014,262
2014-09-19,,889718,1047,StockD,232,1,0,0,,,,,,,,2014,262
2014-09-19,,889718,1047,TurtleDove,235,21,0,0,,,,,,,,2014,262
2014-09-19,,889718,1047,"Eagle sp.",591,3,0,0,,,,,,,,2014,262
2014-09-26,,889722,1047,RedFF,111,5,0,0,,,,,,,,2014,269
2014-09-26,,889722,1047,Peregrine,115,2,0,0,,,,,,,,2014,269
2014-09-26,,889722,1047,"raptor sp.",997,239,0,0,,,,,,,,2014,269
2014-09-26,,889722,1047,Roller,255,2,0,0,,,,,,,,2014,269
2014-09-26,,889722,1047,StockD,232,3,0,0,,,,,,,,2014,269
2014-09-26,,889722,1047,TurtleDove,235,35,0,0,,,,,,,,2014,269
2014-09-26,,889722,1047,HB,86,172,0,0,,,,,,,,2014,269
2014-09-26,,889722,1047,BlaKite,88,4422,0,0,,,,,,,,2014,269
2014-09-26,,889722,1047,EgyptianV,578,1,0,0,,,,,,,,2014,269
2014-09-26,,889722,1047,ShortTE,94,26,0,0,,,,,,,,2014,269
2014-09-26,,889722,1047,Mar,95,228,0,0,,,,,,,,2014,269
2014-09-26,,889722,1047,Pal,97,51,0,0,,,,,,,,2014,269
2014-09-26,,889722,1047,Mon,98,5,0,0,,,,,,,,2014,269
2014-09-26,,889722,1047,MonPalHen,1102,76,0,0,,,,,,,,2014,269
2014-09-26,,889722,1047,LevantS,1019,20,0,0,,,,,,,,2014,269
2014-09-26,,889722,1047,StepBuz,102,1396,0,0,,,,,,,,2014,269
2014-09-26,,889722,1047,LesserSE,105,63,0,0,,,,,,,,2014,269
2014-09-26,,889722,1047,GreaterSE,106,5,0,0,,,,,,,,2014,269
2014-09-26,,889722,1047,SteppeE,588,5,0,0,,,,,,,,2014,269
2014-09-26,,889722,1047,"Eagle sp.",591,255,0,0,,,,,,,,2014,269
2014-09-26,,889722,1047,BootedE,592,427,0,0,,,,,,,,2014,269
2014-09-26,,889722,1047,Osprey,109,2,0,0,,,,,,,,2014,269
2014-09-26,,889722,1047,BlaStork,31,37,0,0,,,,,,,,2014,269
2014-09-27,,889723,1048,"Eagle sp.",591,7,0,0,,,,,,,,2014,270
2014-09-27,,889723,1048,ImperialE,589,2,0,0,,,,,,,,2014,270
2014-09-27,,889723,1048,SteppeE,588,8,0,0,,,,,,,,2014,270
2014-09-27,,889723,1048,GreaterSE,106,3,0,0,,,,,,,,2014,270
2014-09-27,,889723,1048,LesserSE,105,54,0,0,,,,,,,,2014,270
2014-09-27,,889723,1048,StepBuz,102,490,0,0,,,,,,,,2014,270
2014-09-27,,889723,1048,LevantS,1019,24,0,0,,,,,,,,2014,270
2014-09-27,,889723,1048,MonPalHen,1102,29,0,0,,,,,,,,2014,270
2014-09-27,,889723,1048,Pal,97,2,0,0,,,,,,,,2014,270
2014-09-27,,889723,1048,Mar,95,53,0,0,,,,,,,,2014,270
2014-09-27,,889723,1048,Osprey,109,1,0,0,,,,,,,,2014,270
2014-09-27,,889723,1048,ShortTE,94,19,0,0,,,,,,,,2014,270
2014-09-27,,889723,1048,SakerF,599,1,0,0,,,,,,,,2014,270
2014-09-27,,889723,1048,StockD,232,9,0,0,,,,,,,,2014,270
2014-09-27,,889723,1048,BlaStork,31,49,0,0,,,,,,,,2014,270
2014-09-27,,889723,1048,HB,86,30,0,0,,,,,,,,2014,270
2014-09-27,,889723,1048,BlaKite,88,957,0,0,,,,,,,,2014,270
2014-09-27,,889723,1048,BootedE,592,44,0,0,,,,,,,,2014,270
2014-09-27,,889724,1047,ShortTE,94,31,0,0,,,,,,,,2014,270
2014-09-27,,889724,1047,BlaStork,31,41,0,0,,,,,,,,2014,270
2014-09-27,,889724,1047,WhiStork,32,4,0,0,,,,,,,,2014,270
2014-09-27,,889724,1047,HB,86,60,0,0,,,,,,,,2014,270
2014-09-27,,889724,1047,BlaKite,88,1443,0,0,,,,,,,,2014,270
2014-09-27,,889724,1047,Mar,95,71,0,0,,,,,,,,2014,270
2014-09-27,,889724,1047,Pal,97,13,0,0,,,,,,,,2014,270
2014-09-27,,889724,1047,Mon,98,1,0,0,,,,,,,,2014,270
2014-09-27,,889724,1047,MonPalHen,1102,28,0,0,,,,,,,,2014,270
2014-09-27,,889724,1047,LevantS,1019,58,0,0,,,,,,,,2014,270
2014-09-27,,889724,1047,StepBuz,102,69,0,0,,,,,,,,2014,270
2014-09-27,,889724,1047,LesserSE,105,84,0,0,,,,,,,,2014,270
2014-09-27,,889724,1047,GreaterSE,106,5,0,0,,,,,,,,2014,270
2014-09-27,,889724,1047,SteppeE,588,8,0,0,,,,,,,,2014,270
2014-09-27,,889724,1047,"Eagle sp.",591,16,0,0,,,,,,,,2014,270
2014-09-27,,889724,1047,BootedE,592,64,0,0,,,,,,,,2014,270
2014-09-27,,889724,1047,Osprey,109,1,0,0,,,,,,,,2014,270
2014-09-27,,889724,1047,Peregrine,115,1,0,0,,,,,,,,2014,270
2014-09-27,,889724,1047,"raptor sp.",997,15,0,0,,,,,,,,2014,270
2014-09-27,,889724,1047,StockD,232,41,0,0,,,,,,,,2014,270
2014-09-28,,889725,1047,Pal,97,19,0,0,,,,,,,,2014,271
2014-09-28,,889725,1047,Mar,95,114,0,0,,,,,,,,2014,271
2014-09-28,,889725,1047,Peregrine,115,1,0,0,,,,,,,,2014,271
2014-09-28,,889725,1047,LesserSE,105,1,0,0,,,,,,,,2014,271
2014-09-28,,889725,1047,BootedE,592,1,0,0,,,,,,,,2014,271
2014-09-28,,889725,1047,StockD,232,42,0,0,,,,,,,,2014,271
2014-09-28,,889725,1047,BlaKite,88,1216,0,0,,,,,,,,2014,271
2014-09-28,,889725,1047,HB,86,1,0,0,,,,,,,,2014,271
2014-09-28,,889725,1047,BlaStork,31,3,0,0,,,,,,,,2014,271
2014-09-28,,889725,1047,TurtleDove,235,19,0,0,,,,,,,,2014,271
2014-09-28,,889725,1047,StepBuz,102,3,0,0,,,,,,,,2014,271
2014-09-28,,889725,1047,MonPalHen,1102,10,0,0,,,,,,,,2014,271
2014-09-28,,889725,1047,Mon,98,2,0,0,,,,,,,,2014,271
2014-09-28,,889726,1048,Pal,97,3,0,0,,,,,,,,2014,271
2014-09-28,,889726,1048,Mar,95,58,0,0,,,,,,,,2014,271
2014-09-28,,889726,1048,BlaKite,88,2983,0,0,,,,,,,,2014,271
2014-09-28,,889726,1048,HB,86,2,0,0,,,,,,,,2014,271
2014-09-28,,889726,1048,BlaStork,31,217,0,0,,,,,,,,2014,271
2014-09-28,,889726,1048,StockD,232,31,0,0,,,,,,,,2014,271
2014-09-28,,889726,1048,"raptor sp.",997,5763,0,0,,,,,,,,2014,271
2014-09-28,,889726,1048,BootedE,592,4,0,0,,,,,,,,2014,271
2014-09-28,,889726,1048,"Eagle sp.",591,2,0,0,,,,,,,,2014,271
2014-09-28,,889726,1048,SteppeE,588,1,0,0,,,,,,,,2014,271
2014-09-28,,889726,1048,LesserSE,105,1,0,0,,,,,,,,2014,271
2014-09-28,,889726,1048,StepBuz,102,1880,0,0,,,,,,,,2014,271
2014-09-28,,889726,1048,MonPalHen,1102,11,0,0,,,,,,,,2014,271
2014-09-29,,889727,1047,Mar,95,20,0,0,,,,,,,,2014,272
2014-09-29,,889727,1047,StepBuz,102,1193,0,0,,,,,,,,2014,272
2014-09-29,,889727,1047,"raptor sp.",997,1,0,0,,,,,,,,2014,272
2014-09-29,,889727,1047,Sh-earOwl,246,1,0,0,,,,,,,,2014,272
2014-09-29,,889727,1047,TurtleDove,235,11,0,0,,,,,,,,2014,272
2014-09-29,,889727,1047,HB,86,2,0,0,,,,,,,,2014,272
2014-09-29,,889727,1047,BlaKite,88,77,0,0,,,,,,,,2014,272
2014-09-29,,889727,1047,Pal,97,2,0,0,,,,,,,,2014,272
2014-10-05,,889801,1048,BlaKite,88,8,0,0,,,,,,,,2014,278
2014-10-05,,889801,1048,ShortTE,94,1,0,0,,,,,,,,2014,278
2014-10-05,,889801,1048,Mar,95,1,0,0,,,,,,,,2014,278
2014-10-05,,889801,1048,MonPalHen,1102,3,0,0,,,,,,,,2014,278
2014-10-05,,889801,1048,StepBuz,102,3388,0,0,,,,,,,,2014,278
2014-10-05,,889801,1048,ImperialE,589,1,0,0,,,,,,,,2014,278
2014-10-05,,889801,1048,SteppeE,588,1,0,0,,,,,,,,2014,278
2014-10-05,,889801,1048,GreaterSE,106,5,0,0,,,,,,,,2014,278
2014-10-05,,889801,1048,LesserSE,105,28,0,0,,,,,,,,2014,278
2014-10-05,,889801,1048,HB,86,1,0,0,,,,,,,,2014,278
2014-10-05,,889801,1048,BootedE,592,1,0,0,,,,,,,,2014,278
2014-10-05,,889801,1048,"Eagle sp.",591,11,0,0,,,,,,,,2014,278
2014-09-18,,889804,1048,LevantS,1019,46,0,0,,,,,,,,2014,261
2014-09-18,,889804,1048,BlaStork,31,12,0,0,,,,,,,,2014,261
2014-09-18,,889804,1048,HB,86,111,0,0,,,,,,,,2014,261
2014-09-18,,889804,1048,BlaKite,88,2269,0,0,,,,,,,,2014,261
2014-09-18,,889804,1048,ShortTE,94,13,0,0,,,,,,,,2014,261
2014-09-18,,889804,1048,Mar,95,98,0,0,,,,,,,,2014,261
2014-09-18,,889804,1048,Pal,97,15,0,0,,,,,,,,2014,261
2014-09-18,,889804,1048,Mon,98,2,0,0,,,,,,,,2014,261
2014-09-18,,889804,1048,MonPalHen,1102,81,0,0,,,,,,,,2014,261
2014-09-18,,889804,1048,StepBuz,102,735,0,0,,,,,,,,2014,261
2014-09-18,,889804,1048,LesserSE,105,101,0,0,,,,,,,,2014,261
2014-09-18,,889804,1048,SteppeE,588,2,0,0,,,,,,,,2014,261
2014-09-18,,889804,1048,"Eagle sp.",591,52,0,0,,,,,,,,2014,261
2014-09-18,,889804,1048,BootedE,592,166,0,0,,,,,,,,2014,261
2014-09-18,,889804,1048,Osprey,109,5,0,0,,,,,,,,2014,261
2014-09-18,,889804,1048,"raptor sp.",997,4,0,0,,,,,,,,2014,261
2014-09-18,,889804,1048,StockD,232,3,0,0,,,,,,,,2014,261
2014-09-18,,889804,1048,TurtleDove,235,12,0,0,,,,,,,,2014,261
2014-09-17,,889805,1047,"Eagle sp.",591,12,0,0,,,,,,,,2014,260
2014-09-17,,889805,1047,BootedE,592,847,0,0,,,,,,,,2014,260
2014-09-17,,889805,1047,SteppeE,588,1,0,0,,,,,,,,2014,260
2014-09-17,,889805,1047,LesserSE,105,57,0,0,,,,,,,,2014,260
2014-09-17,,889805,1047,StepBuz,102,919,0,0,,,,,,,,2014,260
2014-09-17,,889805,1047,LevantS,1019,15,0,0,,,,,,,,2014,260
2014-09-17,,889805,1047,MonPalHen,1102,33,0,0,,,,,,,,2014,260
2014-09-17,,889805,1047,Mon,98,10,0,0,,,,,,,,2014,260
2014-09-17,,889805,1047,Pal,97,30,0,0,,,,,,,,2014,260
2014-09-17,,889805,1047,Mar,95,245,0,0,,,,,,,,2014,260
2014-09-17,,889805,1047,ShortTE,94,33,0,0,,,,,,,,2014,260
2014-09-17,,889805,1047,EgyptianV,578,1,0,0,,,,,,,,2014,260
2014-09-17,,889805,1047,BlaKite,88,2519,0,0,,,,,,,,2014,260
2014-09-17,,889805,1047,HB,86,309,0,0,,,,,,,,2014,260
2014-09-17,,889805,1047,BlaStork,31,19,0,0,,,,,,,,2014,260
2014-09-17,,889805,1047,Osprey,109,8,0,0,,,,,,,,2014,260
2014-09-17,,889805,1047,"raptor sp.",997,627,0,0,,,,,,,,2014,260
2014-09-17,,889805,1047,Roller,255,5,0,0,,,,,,,,2014,260
2014-09-17,,889805,1047,CrestedHB,1014,2,0,0,,,,,,,,2014,260
2014-09-17,,889805,1047,TurtleDove,235,7,0,0,,,,,,,,2014,260
2014-10-06,,889917,1047,LevantS,1019,7,0,0,,,,,,,,2014,279
2014-10-06,,889917,1047,WoodP,233,12,0,0,,,,,,,,2014,279
2014-10-06,,889917,1047,StockD,232,19,0,0,,,,,,,,2014,279
2014-10-06,,889917,1047,Crane,129,22,0,0,,,,,,,,2014,279
2014-10-06,,889917,1047,Peregrine,115,1,0,0,,,,,,,,2014,279
2014-10-06,,889917,1047,BootedE,592,14,0,0,,,,,,,,2014,279
2014-10-06,,889917,1047,"Eagle sp.",591,9,0,0,,,,,,,,2014,279
2014-10-06,,889917,1047,SteppeE,588,7,0,0,,,,,,,,2014,279
2014-10-06,,889917,1047,GreaterSE,106,1,0,0,,,,,,,,2014,279
2014-10-06,,889917,1047,LesserSE,105,18,0,0,,,,,,,,2014,279
2014-10-06,,889917,1047,StepBuz,102,118,0,0,,,,,,,,2014,279
2014-10-06,,889917,1047,MonPalHen,1102,1,0,0,,,,,,,,2014,279
2014-10-06,,889917,1047,Mon,98,1,0,0,,,,,,,,2014,279
2014-10-06,,889917,1047,Pal,97,1,0,0,,,,,,,,2014,279
2014-10-06,,889917,1047,Mar,95,37,0,0,,,,,,,,2014,279
2014-10-06,,889917,1047,ShortTE,94,28,0,0,,,,,,,,2014,279
2014-10-06,,889917,1047,BlaKite,88,269,0,0,,,,,,,,2014,279
2014-10-06,,889917,1047,HB,86,14,0,0,,,,,,,,2014,279
2014-10-06,,889917,1047,BlaStork,31,1,0,0,,,,,,,,2014,279
2014-10-06,,889950,1048,GreaterSE,106,9,0,0,,,,,,,,2014,279
2014-10-06,,889950,1048,LesserSE,105,96,0,0,,,,,,,,2014,279
2014-10-06,,889950,1048,StepBuz,102,6020,0,0,,,,,,,,2014,279
2014-10-06,,889950,1048,MonPalHen,1102,1,0,0,,,,,,,,2014,279
2014-10-06,,889950,1048,Pal,97,5,0,0,,,,,,,,2014,279
2014-10-06,,889950,1048,CommonB,101,1,0,0,,,,,,,,2014,279
2014-10-06,,889950,1048,StockD,232,25,0,0,,,,,,,,2014,279
2014-10-06,,889950,1048,BootedE,592,8,0,0,,,,,,,,2014,279
2014-10-06,,889950,1048,"Eagle sp.",591,72,0,0,,,,,,,,2014,279
2014-10-06,,889950,1048,SteppeE,588,14,0,0,,,,,,,,2014,279
2014-10-06,,889950,1048,WoodP,233,1,0,0,,,,,,,,2014,279
2014-10-06,,889950,1048,BlaStork,31,4,0,0,,,,,,,,2014,279
2014-10-06,,889950,1048,HB,86,26,0,0,,,,,,,,2014,279
2014-10-06,,889950,1048,BlaKite,88,162,0,0,,,,,,,,2014,279
2014-10-06,,889950,1048,ShortTE,94,21,0,0,,,,,,,,2014,279
2014-10-06,,889950,1048,Mar,95,42,0,0,,,,,,,,2014,279
2014-10-06,,889950,1048,Hen,96,1,0,0,,,,,,,,2014,279
2014-10-07,,890401,1047,SteppeE,588,3,0,0,,,,,,,,2014,280
2014-10-07,,890401,1047,"Eagle sp.",591,31,0,0,,,,,,,,2014,280
2014-10-07,,890401,1047,BootedE,592,8,0,0,,,,,,,,2014,280
2014-10-07,,890401,1047,Peregrine,115,1,0,0,,,,,,,,2014,280
2014-10-07,,890401,1047,"raptor sp.",997,59,0,0,,,,,,,,2014,280
2014-10-07,,890401,1047,StockD,232,27,0,0,,,,,,,,2014,280
2014-10-07,,890401,1047,WoodP,233,23,0,0,,,,,,,,2014,280
2014-10-07,,890401,1047,BlaStork,31,26,0,0,,,,,,,,2014,280
2014-10-07,,890401,1047,HB,86,11,0,0,,,,,,,,2014,280
2014-10-07,,890401,1047,BlaKite,88,139,0,0,,,,,,,,2014,280
2014-10-07,,890401,1047,ShortTE,94,56,0,0,,,,,,,,2014,280
2014-10-07,,890401,1047,Mar,95,25,0,0,,,,,,,,2014,280
2014-10-07,,890401,1047,Hen,96,1,0,0,,,,,,,,2014,280
2014-10-07,,890401,1047,Pal,97,1,0,0,,,,,,,,2014,280
2014-10-07,,890401,1047,StepBuz,102,2939,0,0,,,,,,,,2014,280
2014-10-07,,890401,1047,LesserSE,105,81,0,0,,,,,,,,2014,280
2014-10-07,,890401,1047,GreaterSE,106,15,0,0,,,,,,,,2014,280
2014-10-08,,900498,1047,BlaKite,88,142,0,0,,,,,,,,2014,281
2014-10-08,,900498,1047,Mar,95,17,0,0,,,,,,,,2014,281
2014-10-08,,900498,1047,Pal,97,1,0,0,,,,,,,,2014,281
2014-10-08,,900498,1047,StepBuz,102,5,0,0,,,,,,,,2014,281
2014-10-08,,900498,1047,LesserSE,105,2,0,0,,,,,,,,2014,281
2014-10-08,,900498,1047,BootedE,592,1,0,0,,,,,,,,2014,281
2014-10-08,,900498,1047,"raptor sp.",997,4,0,0,,,,,,,,2014,281
2014-10-08,,900498,1047,falconsp,602,1,0,0,,,,,,,,2014,281
2014-10-08,,900498,1047,StockD,232,28,0,0,,,,,,,,2014,281
2014-10-08,,900498,1047,WoodP,233,1,0,0,,,,,,,,2014,281
2014-10-07,,900501,1048,CommonB,101,2,0,0,,,,,,,,2014,280
2014-10-07,,900501,1048,WoodP,233,96,0,0,,,,,,,,2014,280
2014-10-07,,900501,1048,BlaStork,31,58,0,0,,,,,,,,2014,280
2014-10-07,,900501,1048,HB,86,11,0,0,,,,,,,,2014,280
2014-10-07,,900501,1048,BlaKite,88,37,0,0,,,,,,,,2014,280
2014-10-07,,900501,1048,ShortTE,94,35,0,0,,,,,,,,2014,280
2014-10-07,,900501,1048,Mar,95,18,0,0,,,,,,,,2014,280
2014-10-07,,900501,1048,Pal,97,2,0,0,,,,,,,,2014,280
2014-10-07,,900501,1048,MonPalHen,1102,1,0,0,,,,,,,,2014,280
2014-10-07,,900501,1048,LevantS,1019,51,0,0,,,,,,,,2014,280
2014-10-07,,900501,1048,StepBuz,102,5991,0,0,,,,,,,,2014,280
2014-10-07,,900501,1048,LesserSE,105,57,0,0,,,,,,,,2014,280
2014-10-07,,900501,1048,GreaterSE,106,7,0,0,,,,,,,,2014,280
2014-10-07,,900501,1048,SteppeE,588,3,0,0,,,,,,,,2014,280
2014-10-07,,900501,1048,"Eagle sp.",591,17,0,0,,,,,,,,2014,280
2014-10-07,,900501,1048,BootedE,592,1,0,0,,,,,,,,2014,280
2014-10-07,,900501,1048,Peregrine,115,2,0,0,,,,,,,,2014,280
2014-10-08,,900517,1048,ImperialE,589,1,0,0,,,,,,,,2014,281
2014-10-08,,900517,1048,CommonB,101,1,0,0,,,,,,,,2014,281
2014-10-08,,900517,1048,BootedE,592,3,0,0,,,,,,,,2014,281
2014-10-08,,900517,1048,"Eagle sp.",591,21,0,0,,,,,,,,2014,281
2014-10-08,,900517,1048,WoodP,233,1,0,0,,,,,,,,2014,281
2014-10-08,,900517,1048,BlaStork,31,8,0,0,,,,,,,,2014,281
2014-10-08,,900517,1048,HB,86,3,0,0,,,,,,,,2014,281
2014-10-08,,900517,1048,StockD,232,13,0,0,,,,,,,,2014,281
2014-10-08,,900517,1048,BlaKite,88,473,0,0,,,,,,,,2014,281
2014-10-08,,900517,1048,ShortTE,94,19,0,0,,,,,,,,2014,281
2014-10-08,,900517,1048,Mar,95,6,0,0,,,,,,,,2014,281
2014-10-08,,900517,1048,Hen,96,3,0,0,,,,,,,,2014,281
2014-10-08,,900517,1048,Pal,97,1,0,0,,,,,,,,2014,281
2014-10-08,,900517,1048,MonPalHen,1102,6,0,0,,,,,,,,2014,281
2014-10-08,,900517,1048,StepBuz,102,1033,0,0,,,,,,,,2014,281
2014-10-08,,900517,1048,SteppeE,588,10,0,0,,,,,,,,2014,281
2014-10-08,,900517,1048,GreaterSE,106,3,0,0,,,,,,,,2014,281
2014-10-08,,900517,1048,LesserSE,105,20,0,0,,,,,,,,2014,281
2014-10-09,,900814,1047,WoodP,233,2,0,0,,,,,,,,2014,282
2014-10-09,,900814,1047,LongLB,103,2,0,0,,,,,,,,2014,282
2014-10-09,,900814,1047,LesserSE,105,20,0,0,,,,,,,,2014,282
2014-10-09,,900814,1047,GreaterSE,106,2,0,0,,,,,,,,2014,282
2014-10-09,,900814,1047,SteppeE,588,3,0,0,,,,,,,,2014,282
2014-10-09,,900814,1047,ImperialE,589,2,0,0,,,,,,,,2014,282
2014-10-09,,900814,1047,"Eagle sp.",591,8,0,0,,,,,,,,2014,282
2014-10-09,,900814,1047,BootedE,592,2,0,0,,,,,,,,2014,282
2014-10-09,,900814,1047,Osprey,109,1,0,0,,,,,,,,2014,282
2014-10-09,,900814,1047,Peregrine,115,2,0,0,,,,,,,,2014,282
2014-10-09,,900814,1047,StockD,232,4,0,0,,,,,,,,2014,282
2014-10-09,,900814,1047,StepBuz,102,620,0,0,,,,,,,,2014,282
2014-10-09,,900814,1047,Pal,97,2,0,0,,,,,,,,2014,282
2014-10-09,,900814,1047,Hen,96,1,0,0,,,,,,,,2014,282
2014-10-09,,900814,1047,Mar,95,11,0,0,,,,,,,,2014,282
2014-10-09,,900814,1047,ShortTE,94,4,0,0,,,,,,,,2014,282
2014-10-09,,900814,1047,BlaKite,88,36,0,0,,,,,,,,2014,282
2014-10-09,,900814,1047,HB,86,2,0,0,,,,,,,,2014,282
2014-10-10,,901128,1047,"Eagle sp.",591,9,0,0,,,,,,,,2014,283
2014-10-10,,901128,1047,BootedE,592,2,0,0,,,,,,,,2014,283
2014-10-10,,901128,1047,HB,86,12,0,0,,,,,,,,2014,283
2014-10-10,,901128,1047,BlaKite,88,113,0,0,,,,,,,,2014,283
2014-10-10,,901128,1047,ShortTE,94,13,0,0,,,,,,,,2014,283
2014-10-10,,901128,1047,Mar,95,8,0,0,,,,,,,,2014,283
2014-10-10,,901128,1047,Pal,97,1,0,0,,,,,,,,2014,283
2014-10-10,,901128,1047,StepBuz,102,118,0,0,,,,,,,,2014,283
2014-10-10,,901128,1047,LesserSE,105,2,0,0,,,,,,,,2014,283
2014-10-10,,901128,1047,GreaterSE,106,5,0,0,,,,,,,,2014,283
2014-10-10,,901128,1047,ImperialE,589,2,0,0,,,,,,,,2014,283
2014-10-10,,901128,1047,StockD,232,25,0,0,,,,,,,,2014,283
2014-10-10,,901128,1047,WoodP,233,18,0,0,,,,,,,,2014,283
2014-10-09,,901129,1048,ShortTE,94,50,0,0,,,,,,,,2014,282
2014-10-09,,901129,1048,WoodP,233,16,0,0,,,,,,,,2014,282
2014-10-09,,901129,1048,StockD,232,2,0,0,,,,,,,,2014,282
2014-10-09,,901129,1048,"raptor sp.",997,1,0,0,,,,,,,,2014,282
2014-10-09,,901129,1048,"Eagle sp.",591,19,0,0,,,,,,,,2014,282
2014-10-09,,901129,1048,ImperialE,589,9,0,0,,,,,,,,2014,282
2014-10-09,,901129,1048,SteppeE,588,1,0,0,A,,,,,,,2014,282
2014-10-09,,901129,1048,SteppeE,588,24,0,0,,,,,,,,2014,282
2014-10-09,,901129,1048,GreaterSE,106,43,0,0,,,,,,,,2014,282
2014-10-09,,901129,1048,LesserSE,105,72,0,0,,,,,,,,2014,282
2014-10-09,,901129,1048,LongLB,103,1,0,0,,,,,,,,2014,282
2014-10-09,,901129,1048,StepBuz,102,6050,0,0,,,,,,,,2014,282
2014-10-09,,901129,1048,MonPalHen,1102,5,0,0,,,,,,,,2014,282
2014-10-09,,901129,1048,Pal,97,1,0,0,,,,,,,,2014,282
2014-10-09,,901129,1048,Hen,96,2,0,0,,,,,,,,2014,282
2014-10-09,,901129,1048,BlaKite,88,167,0,0,,,,,,,,2014,282
2014-10-09,,901129,1048,HB,86,2,0,0,,,,,,,,2014,282
2014-10-09,,901129,1048,BlaStork,31,31,0,0,,,,,,,,2014,282
2014-10-11,,901818,1047,StepBuz,102,3,0,0,,,,,,,,2014,284
2014-10-11,,901818,1047,MonPalHen,1102,1,0,0,,,,,,,,2014,284
2014-10-11,,901818,1047,Hen,96,1,0,0,,,,,,,,2014,284
2014-10-11,,901818,1047,Mar,95,17,0,0,,,,,,,,2014,284
2014-10-11,,901818,1047,ShortTE,94,1,0,0,,,,,,,,2014,284
2014-10-11,,901818,1047,BlaKite,88,80,0,0,,,,,,,,2014,284
2014-10-11,,901818,1047,HB,86,1,0,0,,,,,,,,2014,284
2014-10-11,,901818,1047,WoodP,233,1,0,0,,,,,,,,2014,284
2014-10-11,,901818,1047,StockD,232,11,0,0,,,,,,,,2014,284
2014-10-11,,901818,1047,"raptor sp.",997,1,0,0,,,,,,,,2014,284
2014-10-11,,901818,1047,SakerF,599,1,0,0,,,,,,,,2014,284
2014-10-11,,902062,1048,BootedE,592,3,0,0,,,,,,,,2014,284
2014-10-11,,902062,1048,BlaStork,31,29,0,0,,,,,,,,2014,284
2014-10-11,,902062,1048,HB,86,4,0,0,,,,,,,,2014,284
2014-10-11,,902062,1048,BlaKite,88,309,0,0,,,,,,,,2014,284
2014-10-11,,902062,1048,ShortTE,94,15,0,0,,,,,,,,2014,284
2014-10-11,,902062,1048,Mar,95,11,0,0,,,,,,,,2014,284
2014-10-11,,902062,1048,StepBuz,102,1613,0,0,,,,,,,,2014,284
2014-10-11,,902062,1048,LesserSE,105,16,0,0,,,,,,,,2014,284
2014-10-11,,902062,1048,GreaterSE,106,6,0,0,,,,,,,,2014,284
2014-10-11,,902062,1048,SteppeE,588,11,0,0,,,,,,,,2014,284
2014-10-11,,902062,1048,ImperialE,589,2,0,0,,,,,,,,2014,284
2014-10-11,,902062,1048,"Eagle sp.",591,5,0,0,,,,,,,,2014,284
2014-10-11,,902062,1048,GriffonV,92,1,0,0,,,,,,,,2014,284
2014-10-11,,902062,1048,StockD,232,18,0,0,,,,,,,,2014,284
2014-10-11,,902062,1048,WoodP,233,10,0,0,,,,,,,,2014,284
2014-10-12,,902612,1048,StockD,232,15,0,0,,,,,,,,2014,285
2014-10-12,,902612,1048,WoodP,233,70,0,0,,,,,,,,2014,285
2014-10-12,,902612,1048,BlaStork,31,17,0,0,,,,,,,,2014,285
2014-10-12,,902612,1048,HB,86,7,0,0,,,,,,,,2014,285
2014-10-12,,902612,1048,BlaKite,88,260,0,0,,,,,,,,2014,285
2014-10-12,,902612,1048,ShortTE,94,17,0,0,,,,,,,,2014,285
2014-10-12,,902612,1048,Mar,95,18,0,0,,,,,,,,2014,285
2014-10-12,,902612,1048,Hen,96,4,0,0,,,,,,,,2014,285
2014-10-12,,902612,1048,Pal,97,1,0,0,,,,,,,,2014,285
2014-10-12,,902612,1048,MonPalHen,1102,2,0,0,,,,,,,,2014,285
2014-10-12,,902612,1048,StepBuz,102,2400,0,0,,,,,,,,2014,285
2014-10-12,,902612,1048,LesserSE,105,11,0,0,,,,,,,,2014,285
2014-10-12,,902612,1048,GreaterSE,106,13,0,0,,,,,,,,2014,285
2014-10-12,,902612,1048,SteppeE,588,7,0,0,,,,,,,,2014,285
2014-10-12,,902612,1048,ImperialE,589,2,0,0,,,,,,,,2014,285
2014-10-12,,902612,1048,"Eagle sp.",591,8,0,0,,,,,,,,2014,285
2014-10-12,,902612,1048,BootedE,592,2,0,0,,,,,,,,2014,285
2014-10-12,,902612,1048,Peregrine,115,1,0,0,,,,,,,,2014,285
2014-10-12,,902612,1048,CommonB,101,1,0,0,,,,,,,,2014,285
2014-10-12,,902618,1047,StepBuz,102,14,0,0,,,,,,,,2014,285
2014-10-12,,902618,1047,SteppeE,588,1,0,0,,,,,,,,2014,285
2014-10-12,,902618,1047,ImperialE,589,3,0,0,,,,,,,,2014,285
2014-10-12,,902618,1047,BootedE,592,1,0,0,,,,,,,,2014,285
2014-10-12,,902618,1047,Osprey,109,1,0,0,,,,,,,,2014,285
2014-10-12,,902618,1047,Peregrine,115,1,0,0,,,,,,,,2014,285
2014-10-12,,902618,1047,StockD,232,42,0,0,,,,,,,,2014,285
2014-10-12,,902618,1047,BlaKite,88,50,0,0,,,,,,,,2014,285
2014-10-12,,902618,1047,ShortTE,94,2,0,0,,,,,,,,2014,285
2014-10-12,,902618,1047,Mar,95,4,0,0,,,,,,,,2014,285
2014-10-12,,902618,1047,Hen,96,2,0,0,,,,,,,,2014,285
2014-10-12,,902618,1047,GreaterSE,106,1,0,0,,,,,,,,2014,285
2014-10-13,,903228,1047,StockD,232,6,0,0,,,,,,,,2014,286
2014-10-13,,903228,1047,BlaStork,31,6,0,0,,,,,,,,2014,286
2014-10-13,,903228,1047,WhiStork,32,1,0,0,,,,,,,,2014,286
2014-10-13,,903228,1047,HB,86,2,0,0,,,,,,,,2014,286
2014-10-13,,903228,1047,BlaKite,88,644,0,0,,,,,,,,2014,286
2014-10-13,,903228,1047,ShortTE,94,6,0,0,,,,,,,,2014,286
2014-10-13,,903228,1047,Mar,95,46,0,0,,,,,,,,2014,286
2014-10-13,,903228,1047,Hen,96,3,0,0,,,,,,,,2014,286
2014-10-13,,903228,1047,Pal,97,2,0,0,,,,,,,,2014,286
2014-10-13,,903228,1047,MonPalHen,1102,1,0,0,,,,,,,,2014,286
2014-10-13,,903228,1047,StepBuz,102,184,0,0,,,,,,,,2014,286
2014-10-13,,903228,1047,LesserSE,105,2,0,0,,,,,,,,2014,286
2014-10-13,,903228,1047,GreaterSE,106,5,0,0,,,,,,,,2014,286
2014-10-13,,903228,1047,ImperialE,589,1,0,0,,,,,,,,2014,286
2014-10-13,,903228,1047,"Eagle sp.",591,6,0,0,,,,,,,,2014,286
2014-10-13,,903228,1047,BootedE,592,1,0,0,,,,,,,,2014,286
2014-10-14,,903702,1047,Pal,97,2,0,0,,,,,,,,2014,287
2014-10-14,,903702,1047,Hen,96,2,0,0,,,,,,,,2014,287
2014-10-14,,903702,1047,StepBuz,102,88,0,0,,,,,,,,2014,287
2014-10-14,,903702,1047,LesserSE,105,1,0,0,,,,,,,,2014,287
2014-10-14,,903702,1047,SteppeE,588,3,0,0,,,,,,,,2014,287
2014-10-14,,903702,1047,"Eagle sp.",591,15,0,0,,,,,,,,2014,287
2014-10-14,,903702,1047,GriffonV,92,1,0,0,,,,,,,,2014,287
2014-10-14,,903702,1047,StockD,232,31,0,0,,,,,,,,2014,287
2014-10-14,,903702,1047,WoodP,233,63,0,0,,,,,,,,2014,287
2014-10-14,,903702,1047,Mar,95,7,0,0,,,,,,,,2014,287
2014-10-14,,903702,1047,ShortTE,94,7,0,0,,,,,,,,2014,287
2014-10-14,,903702,1047,BlaKite,88,39,0,0,,,,,,,,2014,287
2014-10-13,,903732,1048,BlaKite,88,62,0,0,,,,,,,,2014,286
2014-10-13,,903732,1048,ShortTE,94,5,0,0,,,,,,,,2014,286
2014-10-13,,903732,1048,HB,86,2,0,0,,,,,,,,2014,286
2014-10-13,,903732,1048,BlaStork,31,3,0,0,,,,,,,,2014,286
2014-10-13,,903732,1048,WoodP,233,5,0,0,,,,,,,,2014,286
2014-10-13,,903732,1048,StockD,232,39,0,0,,,,,,,,2014,286
2014-10-13,,903732,1048,BootedE,592,1,0,0,,,,,,,,2014,286
2014-10-13,,903732,1048,"Eagle sp.",591,1,0,0,,,,,,,,2014,286
2014-10-13,,903732,1048,ImperialE,589,1,0,0,,,,,,,,2014,286
2014-10-13,,903732,1048,GreaterSE,106,2,0,0,,,,,,,,2014,286
2014-10-13,,903732,1048,LesserSE,105,1,0,0,,,,,,,,2014,286
2014-10-13,,903732,1048,StepBuz,102,231,0,0,,,,,,,,2014,286
2014-10-13,,903732,1048,Pal,97,1,0,0,,,,,,,,2014,286
2014-10-13,,903732,1048,Hen,96,3,0,0,,,,,,,,2014,286
2014-10-13,,903732,1048,Mar,95,12,0,0,,,,,,,,2014,286
2014-10-14,,903736,1048,WoodP,233,398,0,0,,,,,,,,2014,287
2014-10-14,,903736,1048,StockD,232,1,0,0,,,,,,,,2014,287
2014-10-14,,903736,1048,ShortTE,94,12,0,0,,,,,,,,2014,287
2014-10-14,,903736,1048,BlaKite,88,211,0,0,,,,,,,,2014,287
2014-10-14,,903736,1048,HB,86,5,0,0,,,,,,,,2014,287
2014-10-14,,903736,1048,BlaStork,31,2,0,0,,,,,,,,2014,287
2014-10-14,,903736,1048,Mar,95,13,0,0,,,,,,,,2014,287
2014-10-14,,903736,1048,Hen,96,5,0,0,,,,,,,,2014,287
2014-10-14,,903736,1048,StepBuz,102,3379,0,0,,,,,,,,2014,287
2014-10-14,,903736,1048,LesserSE,105,29,0,0,,,,,,,,2014,287
2014-10-14,,903736,1048,GreaterSE,106,9,0,0,,,,,,,,2014,287
2014-10-14,,903736,1048,SteppeE,588,7,0,0,,,,,,,,2014,287
2014-10-14,,903736,1048,ImperialE,589,2,0,0,,,,,,,,2014,287
2014-10-14,,903736,1048,ImperialE,589,1,0,0,A,,,,,,,2014,287
2014-10-14,,903736,1048,"Eagle sp.",591,34,0,0,,,,,,,,2014,287
2014-10-14,,903736,1048,Peregrine,115,1,0,0,,,,,,,,2014,287
2014-10-15,,904280,1047,HB,86,1,0,0,,,,,,,,2014,288
2014-10-15,,904280,1047,StockD,232,16,0,0,,,,,,,,2014,288
2014-10-15,,904280,1047,GriffonV,92,1,0,0,,,,,,,,2014,288
2014-10-15,,904280,1047,"raptor sp.",997,1,0,0,,,,,,,,2014,288
2014-10-15,,904280,1047,"Eagle sp.",591,11,0,0,,,,,,,,2014,288
2014-10-15,,904280,1047,SteppeE,588,2,0,0,,,,,,,,2014,288
2014-10-15,,904280,1047,LesserSE,105,5,0,0,,,,,,,,2014,288
2014-10-15,,904280,1047,StepBuz,102,127,0,0,,,,,,,,2014,288
2014-10-15,,904280,1047,MonPalHen,1102,2,0,0,,,,,,,,2014,288
2014-10-15,,904280,1047,BlaStork,31,3,0,0,,,,,,,,2014,288
2014-10-15,,904280,1047,WoodP,233,16,0,0,,,,,,,,2014,288
2014-10-15,,904280,1047,BlaKite,88,47,0,0,,,,,,,,2014,288
2014-10-15,,904280,1047,ShortTE,94,5,0,0,,,,,,,,2014,288
2014-10-15,,904280,1047,Mar,95,6,0,0,,,,,,,,2014,288
2014-10-15,,904280,1047,Pal,97,1,0,0,,,,,,,,2014,288
2014-10-15,,904324,1048,HB,86,1,0,0,,,,,,,,2014,288
2014-10-15,,904324,1048,SteppeE,588,3,0,0,,,,,,,,2014,288
2014-10-15,,904324,1048,ImperialE,589,1,0,0,,,,,,,,2014,288
2014-10-15,,904324,1048,"Eagle sp.",591,2,0,0,,,,,,,,2014,288
2014-10-15,,904324,1048,StockD,232,7,0,0,,,,,,,,2014,288
2014-10-15,,904324,1048,WoodP,233,498,0,0,,,,,,,,2014,288
2014-10-15,,904324,1048,Pal,97,2,0,0,,,,,,,,2014,288
2014-10-15,,904324,1048,Hen,96,4,0,0,,,,,,,,2014,288
2014-10-15,,904324,1048,StepBuz,102,2164,0,0,,,,,,,,2014,288
2014-10-15,,904324,1048,Mar,95,17,0,0,,,,,,,,2014,288
2014-10-15,,904324,1048,ShortTE,94,5,0,0,,,,,,,,2014,288
2014-10-15,,904324,1048,BlaKite,88,50,0,0,,,,,,,,2014,288
2014-10-15,,904324,1048,BlaStork,31,1,0,0,,,,,,,,2014,288
2014-10-15,,904324,1048,LesserSE,105,5,0,0,,,,,,,,2014,288
2014-10-15,,904324,1048,GreaterSE,106,3,0,0,,,,,,,,2014,288
2014-10-16,,904810,1048,WoodP,233,164,0,0,,,,,,,,2014,289
2014-10-16,,904810,1048,Peregrine,115,1,0,0,,,,,,,,2014,289
2014-10-16,,904810,1048,"Eagle sp.",591,5,0,0,,,,,,,,2014,289
2014-10-16,,904810,1048,SteppeE,588,10,0,0,,,,,,,,2014,289
2014-10-16,,904810,1048,GreaterSE,106,12,0,0,,,,,,,,2014,289
2014-10-16,,904810,1048,LesserSE,105,5,0,0,,,,,,,,2014,289
2014-10-16,,904810,1048,HB,86,4,0,0,,,,,,,,2014,289
2014-10-16,,904810,1048,StepBuz,102,1454,0,0,,,,,,,,2014,289
2014-10-16,,904810,1048,Hen,96,2,0,0,,,,,,,,2014,289
2014-10-16,,904810,1048,Mar,95,4,0,0,,,,,,,,2014,289
2014-10-16,,904810,1048,ShortTE,94,5,0,0,,,,,,,,2014,289
2014-10-16,,904810,1048,BlaKite,88,8,0,0,,,,,,,,2014,289
2014-10-16,,904835,1047,ShortTE,94,3,0,0,,,,,,,,2014,289
2014-10-16,,904835,1047,BlaKite,88,23,0,0,,,,,,,,2014,289
2014-10-16,,904835,1047,WhiteTE,91,0,1,0,,,,,,,,2014,289
2014-10-16,,904835,1047,Mar,95,11,0,0,,,,,,,,2014,289
2014-10-16,,904835,1047,Hen,96,1,0,0,,,,,,,,2014,289
2014-10-16,,904835,1047,MonPalHen,1102,6,0,0,,,,,,,,2014,289
2014-10-16,,904835,1047,StepBuz,102,219,0,0,,,,,,,,2014,289
2014-10-16,,904835,1047,LesserSE,105,13,0,0,,,,,,,,2014,289
2014-10-16,,904835,1047,GreaterSE,106,5,0,0,,,,,,,,2014,289
2014-10-16,,904835,1047,"Eagle sp.",591,12,0,0,,,,,,,,2014,289
2014-10-16,,904835,1047,Crane,129,3,0,0,,,,,,,,2014,289
2014-10-16,,904835,1047,GriffonV,92,2,0,0,,,,,,,,2014,289
2014-10-16,,904835,1047,StockD,232,1,0,0,,,,,,,,2014,289
2014-10-16,,904835,1047,WoodP,233,65,163,0,,,,,,,,2014,289
2014-10-10,,909298,1048,BootedE,592,2,0,0,,,,,,,,2014,283
2014-10-10,,909298,1048,Peregrine,115,1,0,0,,,,,,,,2014,283
2014-10-10,,909298,1048,WoodP,233,37,0,0,,,,,,,,2014,283
2014-10-10,,909298,1048,GoldenE,107,1,0,0,,,,,,,,2014,283
2014-10-10,,909298,1048,BlaStork,31,19,0,0,,,,,,,,2014,283
2014-10-10,,909298,1048,HB,86,12,0,0,,,,,,,,2014,283
2014-10-10,,909298,1048,BlaKite,88,430,0,0,,,,,,,,2014,283
2014-10-10,,909298,1048,ShortTE,94,19,0,0,,,,,,,,2014,283
2014-10-10,,909298,1048,Mar,95,14,0,0,,,,,,,,2014,283
2014-10-10,,909298,1048,Hen,96,5,0,0,,,,,,,,2014,283
2014-10-10,,909298,1048,Pal,97,2,0,0,,,,,,,,2014,283
2014-10-10,,909298,1048,MonPalHen,1102,1,0,0,,,,,,,,2014,283
2014-10-10,,909298,1048,"Eagle sp.",591,10,0,0,,,,,,,,2014,283
2014-10-10,,909298,1048,ImperialE,589,1,0,0,,,,,,,,2014,283
2014-10-10,,909298,1048,SteppeE,588,2,0,0,,,,,,,,2014,283
2014-10-10,,909298,1048,GreaterSE,106,16,0,0,,,,,,,,2014,283
2014-10-10,,909298,1048,LesserSE,105,28,0,0,,,,,,,,2014,283
2014-10-10,,909298,1048,StepBuz,102,1950,0,0,,,,,,,,2014,283
